description,amount,category,itc_eligible,gstin
scooter,8086,Vehicle,No,24AABC5504A1Z4
Hotel food expense,49156,Food,No,24AABC5280A1Z4
Chemist bill,25254,Pharma,Yes,24AABC2069A1Z4
Auto rickshaw Ola Uber,30594,Travel,Yes,24AABC3990A1Z5
dawa,12179,Pharma,Yes,24AABC8727A1Z1
Personal vehicle maintenance,23229,Vehicle,No,24AABC5866A1Z6
saree purchase,27915,Clothing,Yes,24AABC7962A1Z4
Canteen meal expense,7683,Food,No,24AABC6410A1Z7
Toll tax highway,36973,Travel,Yes,24AABC7931A1Z8
printer,45827,Electronics,Yes,24AABC9725A1Z9
gaadi,30822,Vehicle,No,24AABC6143A1Z7
Car loan EMI,28965,Vehicle,No,24AABC1263A1Z4
desk table,20398,Office,Yes,24AABC6696A1Z1
suit stitching,49497,Clothing,Yes,24AABC9011A1Z5
hotel ka khana,29021,Food,No,24AABC9926A1Z4
toll,39584,Travel,Yes,24AABC1142A1Z6
Office supplies,24458,Office,Yes,24AABC1310A1Z7
restaurant,22364,Food,No,24AABC5771A1Z8
Chemist bill,5785,Pharma,Yes,24AABC6542A1Z4
Fuel petrol diesel,2947,Travel,Yes,24AABC2674A1Z6
hospital supply,45716,Pharma,Yes,24AABC7554A1Z2
textile,8463,Clothing,Yes,24AABC1759A1Z5
printer,39583,Electronics,Yes,24AABC2167A1Z8
Garment manufacturing,36605,Clothing,Yes,24AABC4101A1Z9
kapde ka bill,44592,Clothing,Yes,24AABC8776A1Z2
mobile,22295,Electronics,Yes,24AABC4212A1Z6
CCTV camera installation,44462,Electronics,Yes,24AABC2885A1Z7
Medical equipment,45698,Pharma,Yes,24AABC8486A1Z5
notebook register,11136,Office,Yes,24AABC2734A1Z2
laptop kharido,37197,Electronics,Yes,24AABC2667A1Z5
office furniture,2774,Office,Yes,24AABC3498A1Z3
bus ticket,25461,Travel,Yes,24AABC3951A1Z4
Hard disk WD 1TB,10123,Electronics,Yes,24AABC9472A1Z4
bike purchase,45810,Vehicle,No,24AABC4202A1Z2
yatra ticket,14832,Travel,Yes,24AABC9083A1Z1
Surgical items,41812,Pharma,Yes,24AABC4707A1Z2
bike,3453,Vehicle,No,24AABC4558A1Z5
Pharmaceutical drugs wholesale,23232,Pharma,Yes,24AABC1416A1Z7
printer cartridge,35059,Electronics,Yes,24AABC3768A1Z7
catering,23043,Food,No,24AABC3788A1Z9
Medical supplies hospital,18065,Pharma,Yes,24AABC2108A1Z8
travel expense,41283,Travel,Yes,24AABC8627A1Z8
bus ticket,18650,Travel,Yes,24AABC5193A1Z3
Printing paper A4 ream,37315,Office,Yes,24AABC9760A1Z8
monitor,7878,Electronics,Yes,24AABC7890A1Z4
Flight booking Mumbai Delhi,16433,Travel,Yes,24AABC2055A1Z1
hospital supply,45669,Pharma,Yes,24AABC3810A1Z7
car,3850,Vehicle,No,24AABC3189A1Z6
karyalay saaman,21059,Office,Yes,24AABC9369A1Z9
notebook register,10885,Office,Yes,24AABC4070A1Z5
Restaurant dinner party,44108,Food,No,24AABC3668A1Z2
gaadi service,36560,Travel,Yes,24AABC3484A1Z1
Vehicle insurance premium,39978,Vehicle,No,24AABC8050A1Z1
Hospital supplies,40664,Pharma,Yes,24AABC5158A1Z9
gaadi,12787,Vehicle,No,24AABC3714A1Z1
flight ticket,1083,Travel,Yes,24AABC1354A1Z6
CCTV,43234,Electronics,Yes,24AABC9466A1Z5
kapde ka bill,34685,Clothing,Yes,24AABC8947A1Z5
Restaurant dinner party,2413,Food,No,24AABC2806A1Z6
karyalay saaman,41594,Office,Yes,24AABC9065A1Z2
auto,23065,Vehicle,No,24AABC1009A1Z9
Fabric purchase wholesale,23753,Clothing,Yes,24AABC5783A1Z7
laptop,3285,Electronics,Yes,24AABC9622A1Z8
garment,4034,Clothing,Yes,24AABC1612A1Z3
CCTV,45452,Electronics,Yes,24AABC8620A1Z6
Textile material cotton,10186,Clothing,Yes,24AABC7351A1Z6
Laptop purchase Dell Inspiron,20927,Electronics,Yes,24AABC1784A1Z6
Vehicle insurance premium,43148,Vehicle,No,24AABC6925A1Z4
gaadi service,17002,Travel,Yes,24AABC8478A1Z1
Uniform stitching,31924,Clothing,Yes,24AABC3194A1Z9
Readymade garments,7981,Clothing,Yes,24AABC6708A1Z9
Textile material cotton,24159,Clothing,Yes,24AABC1111A1Z1
hospital supply,8799,Pharma,Yes,24AABC4958A1Z2
personal car,26506,Vehicle,No,24AABC8076A1Z8
Vehicle maintenance service,39956,Travel,Yes,24AABC4738A1Z7
stamp pad,3673,Office,Yes,24AABC7100A1Z1
office chair,1192,Office,Yes,24AABC5746A1Z3
Two wheeler bike scooter,35407,Vehicle,No,24AABC2042A1Z4
Catering service lunch,25238,Food,No,24AABC9790A1Z5
printer cartridge,38052,Electronics,Yes,24AABC9105A1Z5
Whiteboard marker set,38117,Office,Yes,24AABC5128A1Z2
Office supplies,2223,Office,Yes,24AABC4582A1Z2
suit stitching,46322,Clothing,Yes,24AABC3109A1Z6
Lunch box catering,28459,Food,No,24AABC1364A1Z1
flight ticket,35294,Travel,Yes,24AABC1685A1Z4
shirt pant,3321,Clothing,Yes,24AABC3099A1Z2
suit stitching,21647,Clothing,Yes,24AABC9533A1Z9
printer cartridge,3272,Electronics,Yes,24AABC4805A1Z2
Projector Epson,45377,Electronics,Yes,24AABC1775A1Z5
computer saaman,11973,Electronics,Yes,24AABC4195A1Z2
Medical supplies hospital,18069,Pharma,Yes,24AABC2742A1Z4
gaadi,17958,Vehicle,No,24AABC1302A1Z5
Khana catering,49354,Food,No,24AABC6007A1Z4
Mobile phone Samsung Galaxy,35975,Electronics,Yes,24AABC1077A1Z7
bike,49620,Vehicle,No,24AABC3435A1Z3
Car loan EMI,3849,Vehicle,No,24AABC4208A1Z6
clothing,37020,Clothing,Yes,24AABC2489A1Z4
Flight booking Mumbai Delhi,6767,Travel,Yes,24AABC6842A1Z3
Canteen meal expense,15152,Food,No,24AABC1896A1Z7
taxi fare,47993,Travel,Yes,24AABC3489A1Z4
Hospital supplies,24610,Pharma,Yes,24AABC7305A1Z5
UPS battery backup,11651,Electronics,Yes,24AABC7125A1Z7
travel expense,15256,Travel,Yes,24AABC7328A1Z8
Car loan EMI,24987,Vehicle,No,24AABC9000A1Z8
karyalay saaman,28685,Office,Yes,24AABC2422A1Z3
Router TP-Link WiFi,33208,Electronics,Yes,24AABC5603A1Z2
Mobile phone Samsung Galaxy,32696,Electronics,Yes,24AABC4298A1Z3
Bus ticket interstate,44889,Travel,Yes,24AABC9551A1Z9
printer cartridge,33839,Electronics,Yes,24AABC6302A1Z2
Car purchase personal use,18828,Vehicle,No,24AABC2305A1Z4
office chair,18832,Office,Yes,24AABC7211A1Z1
khane ka bill,22254,Food,No,24AABC7760A1Z7
bike purchase,32119,Vehicle,No,24AABC4303A1Z1
office chair,34029,Office,Yes,24AABC6132A1Z2
Chemist bill,16624,Pharma,Yes,24AABC2817A1Z2
Pen pencil eraser,2363,Office,Yes,24AABC9771A1Z1
notebook register,12162,Office,Yes,24AABC3348A1Z1
car insurance,42581,Vehicle,No,24AABC3833A1Z3
chai,28627,Food,No,24AABC4300A1Z7
Vehicle insurance premium,20890,Vehicle,No,24AABC8574A1Z6
Vehicle insurance premium,995,Vehicle,No,24AABC6349A1Z2
gaadi kharido,38859,Vehicle,No,24AABC5867A1Z7
office furniture,23041,Office,Yes,24AABC2716A1Z6
Lunch box catering,41892,Food,No,24AABC9466A1Z7
flight ticket,10146,Travel,Yes,24AABC2134A1Z9
CCTV,41555,Electronics,Yes,24AABC5915A1Z2
Bhojan ka bill,36274,Food,No,24AABC9466A1Z1
taxi fare,7911,Travel,Yes,24AABC9542A1Z7
File folder document,26984,Office,Yes,24AABC3989A1Z3
stationery items,43212,Office,Yes,24AABC1436A1Z1
hotel ka khana,33007,Food,No,24AABC9287A1Z6
Restaurant bill dinner,34821,Food,No,24AABC8482A1Z8
kapde ka bill,11431,Clothing,Yes,24AABC2273A1Z3
Food court lunch,14768,Food,No,24AABC7715A1Z4
Medical equipment,45259,Pharma,Yes,24AABC8000A1Z8
toll,49410,Travel,Yes,24AABC5411A1Z1
car insurance,28610,Vehicle,No,24AABC6198A1Z9
suit stitching,16883,Clothing,Yes,24AABC4893A1Z7
Auto rickshaw Ola Uber,12899,Travel,Yes,24AABC2213A1Z8
Catering service lunch,3146,Food,No,24AABC8092A1Z7
karyalay saaman,24846,Office,Yes,24AABC3182A1Z1
uniform,29283,Clothing,Yes,24AABC5181A1Z4
Router TP-Link WiFi,612,Electronics,Yes,24AABC4056A1Z7
mobile,1847,Electronics,Yes,24AABC8904A1Z8
Medical equipment,28170,Pharma,Yes,24AABC4433A1Z3
travel expense,5528,Travel,Yes,24AABC4708A1Z2
printer cartridge,32142,Electronics,Yes,24AABC2703A1Z3
Computer accessories keyboard mouse,25974,Electronics,Yes,24AABC1920A1Z9
yatra ticket,6409,Travel,Yes,24AABC6089A1Z8
Toll tax highway,8286,Travel,Yes,24AABC7449A1Z9
shirt pant,21118,Clothing,Yes,24AABC3822A1Z6
bhojan,22895,Food,No,24AABC4851A1Z2
Hard disk WD 1TB,30518,Electronics,Yes,24AABC5397A1Z1
Office furniture chair table,34954,Office,Yes,24AABC5216A1Z5
monitor,46926,Electronics,Yes,24AABC3182A1Z3
monitor,13325,Electronics,Yes,24AABC4154A1Z4
Catering service lunch,46110,Food,No,24AABC4185A1Z4
Pharmaceutical drugs wholesale,8466,Pharma,Yes,24AABC2074A1Z8
taxi fare,18009,Travel,Yes,24AABC6069A1Z6
Hospital supplies,20815,Pharma,Yes,24AABC4962A1Z9
Lunch box catering,15505,Food,No,24AABC3119A1Z1
stamp pad,35373,Office,Yes,24AABC6251A1Z9
hospital supply,37075,Pharma,Yes,24AABC7758A1Z9
Printer HP LaserJet,43839,Electronics,Yes,24AABC9780A1Z4
Bus ticket interstate,38973,Travel,Yes,24AABC5298A1Z2
stamp pad,12155,Office,Yes,24AABC3386A1Z3
vehicle,36194,Vehicle,No,24AABC3563A1Z8
office furniture,18114,Office,Yes,24AABC4601A1Z5
Medicine purchase chemist,9366,Pharma,Yes,24AABC5733A1Z1
uniform,5857,Clothing,Yes,24AABC1347A1Z2
Hotel food expense,736,Food,No,24AABC8174A1Z7
Restaurant dinner party,28908,Food,No,24AABC2896A1Z4
UPS battery backup,6115,Electronics,Yes,24AABC5167A1Z2
dawa,46698,Pharma,Yes,24AABC8744A1Z5
Courier service,34105,Office,Yes,24AABC5046A1Z3
personal car,33622,Vehicle,No,24AABC4144A1Z6
Pharmaceutical drugs wholesale,36645,Pharma,Yes,24AABC9849A1Z2
Medical equipment,7436,Pharma,Yes,24AABC3907A1Z1
Hotel food expense,9401,Food,No,24AABC1850A1Z5
desk table,27223,Office,Yes,24AABC9864A1Z5
Medicine purchase chemist,5908,Pharma,Yes,24AABC1771A1Z1
restaurant,47395,Food,No,24AABC8454A1Z2
Fabric purchase wholesale,26875,Clothing,Yes,24AABC6134A1Z5
Hospital supplies,30985,Pharma,Yes,24AABC1369A1Z6
Office furniture chair table,18669,Office,Yes,24AABC4748A1Z3
Laptop purchase Dell Inspiron,7663,Electronics,Yes,24AABC3432A1Z4
flight ticket,21006,Travel,Yes,24AABC5093A1Z1
stamp pad,31139,Office,Yes,24AABC8700A1Z4
toll,13261,Travel,Yes,24AABC7538A1Z8
mobile phone,23361,Electronics,Yes,24AABC3001A1Z1
pharmaceutical,4691,Pharma,Yes,24AABC7634A1Z4
garment,43238,Clothing,Yes,24AABC2350A1Z9
taxi fare,49018,Travel,Yes,24AABC6832A1Z2
bhojan,12172,Food,No,24AABC1098A1Z6
saree purchase,38133,Clothing,Yes,24AABC2011A1Z7
Bus ticket interstate,19397,Travel,Yes,24AABC3461A1Z1
Pharmaceutical drugs wholesale,39656,Pharma,Yes,24AABC8075A1Z8
laptop kharido,26838,Electronics,Yes,24AABC7039A1Z2
uniform,1177,Clothing,Yes,24AABC2779A1Z7
clothing,43624,Clothing,Yes,24AABC4940A1Z7
scooter,4875,Vehicle,No,24AABC2966A1Z8
garment,24910,Clothing,Yes,24AABC8987A1Z7
Vehicle maintenance service,19242,Travel,Yes,24AABC4135A1Z3
Stapler binding,13320,Office,Yes,24AABC6608A1Z2
safar ka kharcha,42068,Travel,Yes,24AABC1418A1Z4
Medicine stock,21218,Pharma,Yes,24AABC7729A1Z7
UPS battery backup,47590,Electronics,Yes,24AABC4003A1Z3
kapda,39937,Clothing,Yes,24AABC8007A1Z8
Car purchase personal use,42956,Vehicle,No,24AABC8959A1Z7
Medical supplies hospital,16638,Pharma,Yes,24AABC3562A1Z6
health products,16672,Pharma,Yes,24AABC9876A1Z1
auto,2405,Vehicle,No,24AABC3124A1Z6
suit stitching,1464,Clothing,Yes,24AABC6355A1Z3
Whiteboard marker set,13205,Office,Yes,24AABC1725A1Z5
catering,9248,Food,No,24AABC3870A1Z2
food expense,28776,Food,No,24AABC1765A1Z4
Laptop purchase Dell Inspiron,29564,Electronics,Yes,24AABC4681A1Z9
textile,2287,Clothing,Yes,24AABC5046A1Z9
party catering,47147,Food,No,24AABC1290A1Z1
Surgical items,5398,Pharma,Yes,24AABC9114A1Z5
Office furniture chair table,43815,Office,Yes,24AABC9799A1Z6
Hotel food expense,24946,Food,No,24AABC5573A1Z5
gaadi service,22923,Travel,Yes,24AABC6867A1Z8
Courier service,31151,Office,Yes,24AABC7683A1Z1
yatra ticket,33323,Travel,Yes,24AABC3212A1Z1
monitor,11720,Electronics,Yes,24AABC3539A1Z2
Printer HP LaserJet,29490,Electronics,Yes,24AABC1342A1Z7
Medical equipment,4802,Pharma,Yes,24AABC4015A1Z2
Stapler binding,12053,Office,Yes,24AABC9770A1Z4
office chair,16334,Office,Yes,24AABC5271A1Z7
Stationery purchase pens notebooks,13936,Office,Yes,24AABC5589A1Z2
garment,38729,Clothing,Yes,24AABC9408A1Z3
hotel stay business trip,19053,Travel,Yes,24AABC1940A1Z5
car insurance,10187,Vehicle,No,24AABC8523A1Z4
Two wheeler bike scooter,28152,Vehicle,No,24AABC5105A1Z5
khane ka bill,22997,Food,No,24AABC9464A1Z4
safar ka kharcha,3301,Travel,Yes,24AABC2888A1Z8
Hospital supplies,30873,Pharma,Yes,24AABC6551A1Z1
office furniture,46730,Office,Yes,24AABC2707A1Z9
Pharmaceutical drugs wholesale,31731,Pharma,Yes,24AABC7384A1Z4
desk table,43893,Office,Yes,24AABC6370A1Z5
Office supplies,36421,Office,Yes,24AABC8179A1Z7
flight ticket,6195,Travel,Yes,24AABC9086A1Z6
vehicle,1392,Vehicle,No,24AABC9617A1Z1
File folder document,14884,Office,Yes,24AABC4366A1Z8
Stationery purchase pens notebooks,46984,Office,Yes,24AABC5715A1Z6
Surgical items,39263,Pharma,Yes,24AABC9700A1Z3
dinner,21881,Food,No,24AABC3864A1Z7
Car purchase personal use,18062,Vehicle,No,24AABC5979A1Z6
medical store,36189,Pharma,Yes,24AABC3129A1Z1
stationery items,15243,Office,Yes,24AABC2635A1Z9
chai,18176,Food,No,24AABC7664A1Z8
medical store,42938,Pharma,Yes,24AABC7325A1Z7
projector,16111,Electronics,Yes,24AABC7403A1Z6
Khana catering,12943,Food,No,24AABC3999A1Z5
Cloth kapda purchase,22462,Clothing,Yes,24AABC8072A1Z7
Office furniture chair table,16244,Office,Yes,24AABC4527A1Z5
medical store,19491,Pharma,Yes,24AABC6732A1Z7
Lunch box catering,40881,Food,No,24AABC1041A1Z1
personal car,34649,Vehicle,No,24AABC4852A1Z6
personal car,6592,Vehicle,No,24AABC2086A1Z9
Car loan EMI,46344,Vehicle,No,24AABC7519A1Z5
Dawa purchase,44292,Pharma,Yes,24AABC2177A1Z5
dawakhana purchase,21595,Pharma,Yes,24AABC5800A1Z3
uniform,36667,Clothing,Yes,24AABC2019A1Z4
Textile material cotton,48408,Clothing,Yes,24AABC5751A1Z4
khane ka bill,18446,Food,No,24AABC2997A1Z8
kapde ka bill,12863,Clothing,Yes,24AABC8273A1Z8
Whiteboard marker set,21890,Office,Yes,24AABC6511A1Z2
dawa,12369,Pharma,Yes,24AABC1548A1Z1
Two wheeler bike scooter,7098,Vehicle,No,24AABC2112A1Z8
Toll tax highway,31336,Travel,Yes,24AABC2162A1Z6
gaadi kharido,8140,Vehicle,No,24AABC4483A1Z1
karyalay saaman,10832,Office,Yes,24AABC6519A1Z5
gaadi,26892,Vehicle,No,24AABC5472A1Z5
pharmaceutical,34905,Pharma,Yes,24AABC7487A1Z4
personal car,10485,Vehicle,No,24AABC4964A1Z1
gaadi kharido,11380,Vehicle,No,24AABC8942A1Z3
Flight booking Mumbai Delhi,25236,Travel,Yes,24AABC5671A1Z9
Khana catering,43816,Food,No,24AABC7580A1Z1
car insurance,16328,Vehicle,No,24AABC6500A1Z3
Readymade garments,23887,Clothing,Yes,24AABC1941A1Z6
catering,46205,Food,No,24AABC7498A1Z7
Fabric purchase wholesale,24910,Clothing,Yes,24AABC9718A1Z4
Restaurant dinner party,25772,Food,No,24AABC1377A1Z7
scooter,46707,Vehicle,No,24AABC3137A1Z1
Vehicle maintenance service,21561,Travel,Yes,24AABC6098A1Z2
Laptop purchase Dell Inspiron,17598,Electronics,Yes,24AABC7053A1Z7
Whiteboard marker set,40878,Office,Yes,24AABC4377A1Z3
dawakhana purchase,34633,Pharma,Yes,24AABC4368A1Z5
Fabric purchase wholesale,1836,Clothing,Yes,24AABC2781A1Z5
Toll tax highway,5931,Travel,Yes,24AABC8033A1Z2
computer saaman,20228,Electronics,Yes,24AABC3206A1Z1
bike purchase,42632,Vehicle,No,24AABC2431A1Z4
Toll tax highway,35881,Travel,Yes,24AABC1856A1Z5
food expense,25416,Food,No,24AABC6989A1Z4
Textile material cotton,32499,Clothing,Yes,24AABC4305A1Z6
hotel stay business trip,18939,Travel,Yes,24AABC1999A1Z1
desk table,23642,Office,Yes,24AABC4923A1Z7
fabric,3165,Clothing,Yes,24AABC4255A1Z7
catering,47792,Food,No,24AABC6619A1Z9
Lunch box catering,13470,Food,No,24AABC6132A1Z2
computer saaman,49388,Electronics,Yes,24AABC8465A1Z4
CCTV camera installation,41565,Electronics,Yes,24AABC7182A1Z6
Mobile phone Samsung Galaxy,14597,Electronics,Yes,24AABC4757A1Z2
medical,45773,Pharma,Yes,24AABC7546A1Z7
toll,9594,Travel,Yes,24AABC8553A1Z7
karyalay saaman,30967,Office,Yes,24AABC5343A1Z4
Vehicle maintenance service,17054,Travel,Yes,24AABC8374A1Z2
office chair,32328,Office,Yes,24AABC3831A1Z8
uniform,9327,Clothing,Yes,24AABC1919A1Z2
bus ticket,35194,Travel,Yes,24AABC8985A1Z2
toll,13416,Travel,Yes,24AABC6769A1Z1
Car purchase personal use,43720,Vehicle,No,24AABC6577A1Z2
office furniture,5766,Office,Yes,24AABC9358A1Z2
hotel stay business trip,20473,Travel,Yes,24AABC7920A1Z9
gaadi,35181,Vehicle,No,24AABC3709A1Z4
Vehicle insurance premium,24581,Vehicle,No,24AABC4821A1Z6
health products,12480,Pharma,Yes,24AABC4203A1Z1
printer cartridge,46201,Electronics,Yes,24AABC2142A1Z7
kapde ka bill,35717,Clothing,Yes,24AABC9447A1Z5
printer cartridge,38475,Electronics,Yes,24AABC5021A1Z4
mobile,30716,Electronics,Yes,24AABC1163A1Z3
LED monitor LG,42697,Electronics,Yes,24AABC5582A1Z2
Bus ticket interstate,30079,Travel,Yes,24AABC1663A1Z7
medical,14071,Pharma,Yes,24AABC5740A1Z7
car insurance,28615,Vehicle,No,24AABC3370A1Z5
party catering,48472,Food,No,24AABC6179A1Z4
Surgical items,13136,Pharma,Yes,24AABC9670A1Z2
Chemist bill,5881,Pharma,Yes,24AABC1522A1Z9
Restaurant bill dinner,7934,Food,No,24AABC8313A1Z5
karyalay saaman,43948,Office,Yes,24AABC1968A1Z2
desk table,34666,Office,Yes,24AABC5408A1Z1
Garment manufacturing,21631,Clothing,Yes,24AABC5571A1Z5
computer saaman,29654,Electronics,Yes,24AABC2748A1Z2
Hospital supplies,37254,Pharma,Yes,24AABC6940A1Z2
Textile material cotton,47947,Clothing,Yes,24AABC5871A1Z8
notebook register,39860,Office,Yes,24AABC7209A1Z5
mobile phone,11345,Electronics,Yes,24AABC4881A1Z4
Office furniture chair table,30260,Office,Yes,24AABC1966A1Z6
Restaurant dinner party,15142,Food,No,24AABC9053A1Z4
Canteen meal expense,40346,Food,No,24AABC9882A1Z5
safar ka kharcha,45337,Travel,Yes,24AABC8424A1Z1
Hard disk WD 1TB,42781,Electronics,Yes,24AABC2542A1Z4
printing paper,32598,Office,Yes,24AABC9025A1Z8
Restaurant bill dinner,28665,Food,No,24AABC5166A1Z7
party catering,49888,Food,No,24AABC9952A1Z2
Car loan EMI,44687,Vehicle,No,24AABC9794A1Z3
office furniture,1514,Office,Yes,24AABC3830A1Z4
saree purchase,33228,Clothing,Yes,24AABC5217A1Z5
Uniform stitching,27418,Clothing,Yes,24AABC6347A1Z5
health products,46263,Pharma,Yes,24AABC2899A1Z8
Medical equipment,45246,Pharma,Yes,24AABC9861A1Z1
clothing,5960,Clothing,Yes,24AABC5424A1Z4
health products,35738,Pharma,Yes,24AABC3315A1Z1
Cloth kapda purchase,47600,Clothing,Yes,24AABC2341A1Z6
clothing,30709,Clothing,Yes,24AABC1255A1Z5
Office supplies,21334,Office,Yes,24AABC3691A1Z1
train,12051,Travel,Yes,24AABC4989A1Z7
khane ka bill,21179,Food,No,24AABC3939A1Z9
gaadi kharido,46688,Vehicle,No,24AABC5628A1Z2
CCTV camera installation,16608,Electronics,Yes,24AABC9848A1Z2
Toll tax highway,45991,Travel,Yes,24AABC1874A1Z3
Medicine stock,34052,Pharma,Yes,24AABC8235A1Z7
Printing paper A4 ream,4386,Office,Yes,24AABC3280A1Z2
Khana catering,30912,Food,No,24AABC2642A1Z4
UPS battery backup,33061,Electronics,Yes,24AABC1532A1Z8
Auto rickshaw Ola Uber,43593,Travel,Yes,24AABC3197A1Z1
Pen pencil eraser,40261,Office,Yes,24AABC3264A1Z3
chai,44074,Food,No,24AABC8578A1Z9
Food court lunch,4605,Food,No,24AABC1514A1Z3
Medical supplies hospital,49300,Pharma,Yes,24AABC8373A1Z2
medicine,24077,Pharma,Yes,24AABC7745A1Z8
textile,12243,Clothing,Yes,24AABC5227A1Z6
desk table,36390,Office,Yes,24AABC3781A1Z4
Printing paper A4 ream,40003,Office,Yes,24AABC6089A1Z6
health products,16316,Pharma,Yes,24AABC1741A1Z9
stamp pad,44801,Office,Yes,24AABC5210A1Z1
saree purchase,21266,Clothing,Yes,24AABC5395A1Z3
Two wheeler bike scooter,43045,Vehicle,No,24AABC7109A1Z1
dawakhana purchase,28857,Pharma,Yes,24AABC1793A1Z2
medical store,29401,Pharma,Yes,24AABC6751A1Z6
Router TP-Link WiFi,13831,Electronics,Yes,24AABC3452A1Z2
Courier service,16848,Office,Yes,24AABC2921A1Z8
Hospital supplies,17447,Pharma,Yes,24AABC6288A1Z9
Two wheeler bike scooter,48342,Vehicle,No,24AABC1795A1Z9
Food court lunch,520,Food,No,24AABC5455A1Z5
saree purchase,6887,Clothing,Yes,24AABC8495A1Z1
mobile,19281,Electronics,Yes,24AABC6506A1Z9
catering,43758,Food,No,24AABC1126A1Z1
gaadi service,36497,Travel,Yes,24AABC2139A1Z7
textile,11386,Clothing,Yes,24AABC4188A1Z1
clothing,33304,Clothing,Yes,24AABC9905A1Z6
notebook register,29309,Office,Yes,24AABC5365A1Z4
travel expense,46340,Travel,Yes,24AABC4640A1Z3
Vehicle insurance premium,29873,Vehicle,No,24AABC8029A1Z6
hospital supply,33004,Pharma,Yes,24AABC3813A1Z9
desk table,43093,Office,Yes,24AABC7663A1Z3
textile,12499,Clothing,Yes,24AABC6745A1Z9
computer,6325,Electronics,Yes,24AABC8638A1Z7
dawakhana purchase,8310,Pharma,Yes,24AABC7003A1Z8
notebook register,26071,Office,Yes,24AABC7116A1Z1
hotel stay business trip,5358,Travel,Yes,24AABC1481A1Z9
File folder document,10247,Office,Yes,24AABC7262A1Z6
mobile,43474,Electronics,Yes,24AABC2927A1Z2
Dawa purchase,23987,Pharma,Yes,24AABC2162A1Z4
Dawa purchase,19321,Pharma,Yes,24AABC6913A1Z6
kapda,906,Clothing,Yes,24AABC4740A1Z9
Pen pencil eraser,34694,Office,Yes,24AABC4704A1Z6
catering,16268,Food,No,24AABC3455A1Z1
Courier service,28941,Office,Yes,24AABC5627A1Z5
notebook register,24598,Office,Yes,24AABC7109A1Z4
car,22440,Vehicle,No,24AABC2376A1Z8
restaurant,40077,Food,No,24AABC9271A1Z3
Fabric purchase wholesale,8811,Clothing,Yes,24AABC6062A1Z1
textile,43421,Clothing,Yes,24AABC4966A1Z3
File folder document,44820,Office,Yes,24AABC5839A1Z1
khane ka bill,35476,Food,No,24AABC1320A1Z1
Garment manufacturing,42552,Clothing,Yes,24AABC2172A1Z9
yatra ticket,26774,Travel,Yes,24AABC9887A1Z6
Printer HP LaserJet,44020,Electronics,Yes,24AABC4357A1Z7
Hotel food expense,40281,Food,No,24AABC8291A1Z8
uniform,48787,Clothing,Yes,24AABC2253A1Z4
Pharmaceutical drugs wholesale,39249,Pharma,Yes,24AABC7698A1Z7
Flight booking Mumbai Delhi,49293,Travel,Yes,24AABC1201A1Z5
Fuel petrol diesel,11319,Travel,Yes,24AABC9567A1Z3
garment,7987,Clothing,Yes,24AABC8685A1Z4
laptop kharido,25992,Electronics,Yes,24AABC9719A1Z9
Router TP-Link WiFi,47975,Electronics,Yes,24AABC5095A1Z8
Train ticket IRCTC,49786,Travel,Yes,24AABC6040A1Z6
Surgical items,38196,Pharma,Yes,24AABC2922A1Z7
Auto rickshaw Ola Uber,13469,Travel,Yes,24AABC3089A1Z6
router,20602,Electronics,Yes,24AABC4313A1Z1
Vehicle insurance premium,32907,Vehicle,No,24AABC6907A1Z2
health products,4990,Pharma,Yes,24AABC9558A1Z5
health products,581,Pharma,Yes,24AABC4119A1Z1
Cloth kapda purchase,18806,Clothing,Yes,24AABC7449A1Z9
LED monitor LG,17466,Electronics,Yes,24AABC7477A1Z3
kapda,46857,Clothing,Yes,24AABC9083A1Z9
Khana catering,21313,Food,No,24AABC6999A1Z8
clothing,4924,Clothing,Yes,24AABC1162A1Z5
Restaurant dinner party,33645,Food,No,24AABC8798A1Z2
vehicle,10505,Vehicle,No,24AABC2917A1Z3
flight ticket,5013,Travel,Yes,24AABC6527A1Z4
printer cartridge,48606,Electronics,Yes,24AABC1074A1Z7
Pen pencil eraser,27541,Office,Yes,24AABC7690A1Z3
uniform,17048,Clothing,Yes,24AABC7391A1Z8
Auto rickshaw Ola Uber,37162,Travel,Yes,24AABC5766A1Z3
health products,26065,Pharma,Yes,24AABC1433A1Z7
Courier service,39583,Office,Yes,24AABC6955A1Z7
Lunch box catering,15465,Food,No,24AABC8486A1Z3
textile,41575,Clothing,Yes,24AABC1090A1Z1
nashta,17343,Food,No,24AABC8252A1Z6
scooter,36323,Vehicle,No,24AABC9742A1Z2
dawa,15615,Pharma,Yes,24AABC9668A1Z2
medicine,28297,Pharma,Yes,24AABC1576A1Z8
medicine,42280,Pharma,Yes,24AABC5446A1Z1
yatra ticket,40918,Travel,Yes,24AABC8073A1Z7
gaadi kharido,19620,Vehicle,No,24AABC4799A1Z4
Flight booking Mumbai Delhi,48688,Travel,Yes,24AABC5707A1Z9
personal car,38481,Vehicle,No,24AABC8810A1Z7
medical store,26632,Pharma,Yes,24AABC7926A1Z1
Vehicle insurance premium,15103,Vehicle,No,24AABC5017A1Z7
train,36811,Travel,Yes,24AABC6353A1Z6
textile,6928,Clothing,Yes,24AABC2177A1Z3
Uniform stitching,7460,Clothing,Yes,24AABC7030A1Z2
health products,40752,Pharma,Yes,24AABC3958A1Z6
Lunch box catering,38121,Food,No,24AABC4591A1Z8
Computer accessories keyboard mouse,14552,Electronics,Yes,24AABC5988A1Z5
food expense,41464,Food,No,24AABC5985A1Z9
desk table,30423,Office,Yes,24AABC9308A1Z4
khana,11260,Food,No,24AABC1016A1Z8
Printing paper A4 ream,44313,Office,Yes,24AABC7730A1Z5
medical store,43459,Pharma,Yes,24AABC8225A1Z3
Car purchase personal use,33965,Vehicle,No,24AABC7149A1Z4
Office furniture chair table,922,Office,Yes,24AABC7778A1Z6
Computer accessories keyboard mouse,38517,Electronics,Yes,24AABC7693A1Z2
Fuel petrol diesel,23052,Travel,Yes,24AABC6268A1Z5
computer,20166,Electronics,Yes,24AABC7285A1Z3
Flight booking Mumbai Delhi,7783,Travel,Yes,24AABC5092A1Z1
Car loan EMI,32955,Vehicle,No,24AABC1594A1Z2
lunch,17902,Food,No,24AABC7401A1Z5
Bhojan ka bill,39521,Food,No,24AABC1097A1Z3
Toll tax highway,5763,Travel,Yes,24AABC6629A1Z1
medical store,48268,Pharma,Yes,24AABC4274A1Z9
Printing paper A4 ream,8290,Office,Yes,24AABC4944A1Z8
Toll tax highway,19272,Travel,Yes,24AABC5007A1Z6
Pharmaceutical drugs wholesale,47612,Pharma,Yes,24AABC4728A1Z2
Restaurant dinner party,20837,Food,No,24AABC9944A1Z1
fabric,12760,Clothing,Yes,24AABC4937A1Z1
kapde ka bill,29979,Clothing,Yes,24AABC2621A1Z4
garment,37827,Clothing,Yes,24AABC3085A1Z9
gaadi service,37949,Travel,Yes,24AABC3018A1Z7
stamp pad,2936,Office,Yes,24AABC7663A1Z5
Whiteboard marker set,6071,Office,Yes,24AABC3140A1Z8
Cloth kapda purchase,10415,Clothing,Yes,24AABC1809A1Z4
Textile material cotton,5486,Clothing,Yes,24AABC3281A1Z1
gaadi,22492,Vehicle,No,24AABC3437A1Z8
projector,29433,Electronics,Yes,24AABC3607A1Z1
hospital supply,40716,Pharma,Yes,24AABC7011A1Z6
scooter,8151,Vehicle,No,24AABC5652A1Z2
Projector Epson,2525,Electronics,Yes,24AABC4345A1Z2
Khana catering,1859,Food,No,24AABC8407A1Z9
Car loan EMI,45507,Vehicle,No,24AABC9754A1Z8
hotel ka khana,38671,Food,No,24AABC1698A1Z7
projector,15284,Electronics,Yes,24AABC5954A1Z5
food expense,41810,Food,No,24AABC1099A1Z2
Catering service lunch,18005,Food,No,24AABC9968A1Z6
printing paper,39398,Office,Yes,24AABC4159A1Z8
safar ka kharcha,17181,Travel,Yes,24AABC8185A1Z5
Flight booking Mumbai Delhi,41590,Travel,Yes,24AABC3913A1Z7
Printing paper A4 ream,42012,Office,Yes,24AABC4153A1Z7
Fabric purchase wholesale,41356,Clothing,Yes,24AABC6751A1Z1
Printer HP LaserJet,16057,Electronics,Yes,24AABC8192A1Z4
Fuel petrol diesel,20249,Travel,Yes,24AABC3648A1Z2
Vehicle insurance premium,26966,Vehicle,No,24AABC4600A1Z2
scooter,30795,Vehicle,No,24AABC2908A1Z3
karyalay saaman,11761,Office,Yes,24AABC3777A1Z3
Courier service,39877,Office,Yes,24AABC5482A1Z3
textile,10718,Clothing,Yes,24AABC1591A1Z1
textile,9858,Clothing,Yes,24AABC1282A1Z4
dawa,23011,Pharma,Yes,24AABC2289A1Z2
Medicine purchase chemist,13807,Pharma,Yes,24AABC7052A1Z5
health products,24448,Pharma,Yes,24AABC9939A1Z9
vehicle,35095,Vehicle,No,24AABC3777A1Z5
Textile material cotton,14249,Clothing,Yes,24AABC9548A1Z1
Auto rickshaw Ola Uber,638,Travel,Yes,24AABC5143A1Z3
mobile,25211,Electronics,Yes,24AABC8465A1Z1
khane ka bill,3267,Food,No,24AABC4065A1Z4
textile,38440,Clothing,Yes,24AABC8207A1Z9
Fabric purchase wholesale,14753,Clothing,Yes,24AABC5190A1Z7
printer cartridge,43973,Electronics,Yes,24AABC3771A1Z4
Stationery purchase pens notebooks,22501,Office,Yes,24AABC2097A1Z7
bhojan,3863,Food,No,24AABC6963A1Z4
khane ka bill,14139,Food,No,24AABC7825A1Z6
computer,28659,Electronics,Yes,24AABC3483A1Z1
Stationery purchase pens notebooks,6829,Office,Yes,24AABC1805A1Z9
flight ticket,7860,Travel,Yes,24AABC2190A1Z5
Whiteboard marker set,19079,Office,Yes,24AABC1092A1Z3
gaadi kharido,7298,Vehicle,No,24AABC8474A1Z5
travel expense,20205,Travel,Yes,24AABC4979A1Z1
Dawa purchase,9271,Pharma,Yes,24AABC8435A1Z4
Car loan EMI,11465,Vehicle,No,24AABC2350A1Z9
Uniform stitching,13325,Clothing,Yes,24AABC1335A1Z3
mobile,44323,Electronics,Yes,24AABC2266A1Z3
restaurant,20289,Food,No,24AABC3046A1Z3
Stapler binding,31633,Office,Yes,24AABC2976A1Z6
car insurance,43561,Vehicle,No,24AABC4552A1Z6
Vehicle maintenance service,6293,Travel,Yes,24AABC5979A1Z2
Vehicle insurance premium,5013,Vehicle,No,24AABC2762A1Z4
Toll tax highway,1232,Travel,Yes,24AABC6806A1Z9
shirt pant,2032,Clothing,Yes,24AABC7927A1Z1
projector,30096,Electronics,Yes,24AABC3586A1Z5
Personal vehicle maintenance,29669,Vehicle,No,24AABC8455A1Z7
Stapler binding,774,Office,Yes,24AABC7311A1Z4
Router TP-Link WiFi,18821,Electronics,Yes,24AABC5757A1Z1
Catering service lunch,40821,Food,No,24AABC7825A1Z2
yatra ticket,38148,Travel,Yes,24AABC9140A1Z6
dinner,27975,Food,No,24AABC1964A1Z3
toll,6438,Travel,Yes,24AABC7131A1Z9
Hospital supplies,26370,Pharma,Yes,24AABC4941A1Z2
kapde ka bill,31492,Clothing,Yes,24AABC4380A1Z9
bus ticket,34667,Travel,Yes,24AABC3263A1Z2
LED monitor LG,48186,Electronics,Yes,24AABC1694A1Z2
projector,35699,Electronics,Yes,24AABC2078A1Z4
Printing paper A4 ream,5852,Office,Yes,24AABC7246A1Z1
File folder document,35466,Office,Yes,24AABC5527A1Z8
petrol diesel,4031,Travel,Yes,24AABC2850A1Z5
uniform,41530,Clothing,Yes,24AABC1035A1Z6
personal car,42627,Vehicle,No,24AABC5360A1Z5
LED monitor LG,1664,Electronics,Yes,24AABC5921A1Z8
Garment manufacturing,37343,Clothing,Yes,24AABC2817A1Z7
safar ka kharcha,45933,Travel,Yes,24AABC5669A1Z8
bus ticket,23090,Travel,Yes,24AABC9186A1Z2
LED monitor LG,3779,Electronics,Yes,24AABC4097A1Z1
bike,19550,Vehicle,No,24AABC1095A1Z3
kapde ka bill,24535,Clothing,Yes,24AABC5018A1Z5
gaadi service,12175,Travel,Yes,24AABC5829A1Z4
mobile phone,47726,Electronics,Yes,24AABC2908A1Z7
safar ka kharcha,22162,Travel,Yes,24AABC3947A1Z9
Catering service lunch,33112,Food,No,24AABC1459A1Z8
health products,8402,Pharma,Yes,24AABC4768A1Z9
Vehicle maintenance service,19470,Travel,Yes,24AABC3913A1Z4
Two wheeler bike scooter,8267,Vehicle,No,24AABC6277A1Z9
Fuel petrol diesel,26051,Travel,Yes,24AABC7488A1Z7
restaurant,39089,Food,No,24AABC7839A1Z7
Courier service,22404,Office,Yes,24AABC3902A1Z2
printer cartridge,33063,Electronics,Yes,24AABC8408A1Z8
stamp pad,17216,Office,Yes,24AABC6376A1Z6
Pharmaceutical drugs wholesale,24115,Pharma,Yes,24AABC5926A1Z4
Fuel petrol diesel,12200,Travel,Yes,24AABC2744A1Z2
mobile,31175,Electronics,Yes,24AABC3877A1Z7
Medical supplies hospital,35484,Pharma,Yes,24AABC7634A1Z5
dawakhana purchase,9498,Pharma,Yes,24AABC5000A1Z5
hospital supply,21718,Pharma,Yes,24AABC9929A1Z9
Medicine purchase chemist,30524,Pharma,Yes,24AABC2143A1Z5
Car purchase personal use,35140,Vehicle,No,24AABC1039A1Z5
Courier service,3970,Office,Yes,24AABC1939A1Z8
stationery items,5565,Office,Yes,24AABC4703A1Z4
shirt pant,17627,Clothing,Yes,24AABC7194A1Z4
Medicine purchase chemist,49287,Pharma,Yes,24AABC5641A1Z5
Medical equipment,28231,Pharma,Yes,24AABC1925A1Z5
Office furniture chair table,33574,Office,Yes,24AABC9749A1Z8
File folder document,16170,Office,Yes,24AABC7261A1Z4
Whiteboard marker set,49033,Office,Yes,24AABC3949A1Z6
Pen pencil eraser,6968,Office,Yes,24AABC1593A1Z3
toll,17197,Travel,Yes,24AABC7689A1Z1
Projector Epson,38774,Electronics,Yes,24AABC7912A1Z2
Textile material cotton,4613,Clothing,Yes,24AABC6639A1Z7
saree purchase,26617,Clothing,Yes,24AABC2827A1Z6
car insurance,49875,Vehicle,No,24AABC9561A1Z7
khane ka bill,22211,Food,No,24AABC6221A1Z3
hospital supply,45035,Pharma,Yes,24AABC4309A1Z5
dawakhana purchase,18835,Pharma,Yes,24AABC4554A1Z4
Garment manufacturing,37825,Clothing,Yes,24AABC3694A1Z5
Garment manufacturing,4760,Clothing,Yes,24AABC8497A1Z3
Vehicle insurance premium,20171,Vehicle,No,24AABC3939A1Z7
Readymade garments,46607,Clothing,Yes,24AABC7978A1Z7
Mobile phone Samsung Galaxy,40042,Electronics,Yes,24AABC6333A1Z7
Office supplies,22200,Office,Yes,24AABC5490A1Z9
Cloth kapda purchase,32794,Clothing,Yes,24AABC7463A1Z8
Uniform stitching,35012,Clothing,Yes,24AABC1626A1Z3
UPS battery backup,47087,Electronics,Yes,24AABC8494A1Z4
bike purchase,32528,Vehicle,No,24AABC6722A1Z3
CCTV camera installation,28675,Electronics,Yes,24AABC8033A1Z3
Car loan EMI,48609,Vehicle,No,24AABC1604A1Z7
restaurant,10028,Food,No,24AABC4103A1Z6
printer,44023,Electronics,Yes,24AABC7178A1Z1
laptop kharido,39459,Electronics,Yes,24AABC7647A1Z1
Fuel petrol diesel,17560,Travel,Yes,24AABC5728A1Z7
Medical supplies hospital,32186,Pharma,Yes,24AABC9788A1Z8
laptop kharido,30563,Electronics,Yes,24AABC2402A1Z9
medicine,21206,Pharma,Yes,24AABC6546A1Z1
hospital supply,31347,Pharma,Yes,24AABC5744A1Z3
Flight booking Mumbai Delhi,10626,Travel,Yes,24AABC3197A1Z1
Printing paper A4 ream,42330,Office,Yes,24AABC6461A1Z6
personal car,40068,Vehicle,No,24AABC2326A1Z5
Medicine purchase chemist,31206,Pharma,Yes,24AABC4258A1Z3
bus ticket,35229,Travel,Yes,24AABC4453A1Z2
office chair,22912,Office,Yes,24AABC7693A1Z3
pharmaceutical,3209,Pharma,Yes,24AABC5645A1Z8
Uniform stitching,12884,Clothing,Yes,24AABC8614A1Z2
desk table,19859,Office,Yes,24AABC7639A1Z5
Office supplies,10569,Office,Yes,24AABC3834A1Z9
car,48246,Vehicle,No,24AABC6069A1Z9
travel expense,30195,Travel,Yes,24AABC1403A1Z1
notebook register,42462,Office,Yes,24AABC2236A1Z4
computer saaman,20112,Electronics,Yes,24AABC9718A1Z8
gaadi service,18635,Travel,Yes,24AABC4144A1Z8
clothing,49008,Clothing,Yes,24AABC8191A1Z6
Courier service,1104,Office,Yes,24AABC5631A1Z3
bhojan,2638,Food,No,24AABC3310A1Z6
office furniture,15422,Office,Yes,24AABC2779A1Z2
Medicine purchase chemist,11372,Pharma,Yes,24AABC4553A1Z8
Garment manufacturing,37271,Clothing,Yes,24AABC9749A1Z6
karyalay saaman,12535,Office,Yes,24AABC8709A1Z3
clothing,41139,Clothing,Yes,24AABC6542A1Z4
projector,17438,Electronics,Yes,24AABC4205A1Z6
medical,11316,Pharma,Yes,24AABC3314A1Z4
textile,49303,Clothing,Yes,24AABC9277A1Z3
notebook register,3014,Office,Yes,24AABC1901A1Z3
Pharmaceutical drugs wholesale,38502,Pharma,Yes,24AABC9769A1Z8
Bhojan ka bill,29207,Food,No,24AABC1847A1Z5
mobile,17971,Electronics,Yes,24AABC4362A1Z3
clothing,7346,Clothing,Yes,24AABC9732A1Z7
notebook register,3604,Office,Yes,24AABC8259A1Z3
laptop,15604,Electronics,Yes,24AABC1246A1Z4
Medicine purchase chemist,49556,Pharma,Yes,24AABC4506A1Z7
medical store,30281,Pharma,Yes,24AABC4230A1Z5
Chemist bill,40667,Pharma,Yes,24AABC5736A1Z1
printer cartridge,46329,Electronics,Yes,24AABC4442A1Z5
Surgical items,44007,Pharma,Yes,24AABC5143A1Z9
Laptop purchase Dell Inspiron,26973,Electronics,Yes,24AABC3267A1Z1
fabric,9353,Clothing,Yes,24AABC9767A1Z6
Two wheeler bike scooter,4538,Vehicle,No,24AABC9636A1Z8
Hard disk WD 1TB,20868,Electronics,Yes,24AABC8059A1Z2
gaadi service,2707,Travel,Yes,24AABC6414A1Z9
Chemist bill,19885,Pharma,Yes,24AABC8780A1Z7
bike purchase,10064,Vehicle,No,24AABC6346A1Z8
Bhojan ka bill,25168,Food,No,24AABC5801A1Z6
Hard disk WD 1TB,31465,Electronics,Yes,24AABC4096A1Z7
fabric,40474,Clothing,Yes,24AABC1273A1Z6
Surgical items,18232,Pharma,Yes,24AABC6402A1Z9
Mobile phone Samsung Galaxy,32053,Electronics,Yes,24AABC3680A1Z2
Personal vehicle maintenance,16429,Vehicle,No,24AABC2154A1Z1
Courier service,43391,Office,Yes,24AABC3483A1Z1
Bhojan ka bill,44903,Food,No,24AABC3875A1Z6
Garment manufacturing,47479,Clothing,Yes,24AABC7675A1Z9
Office supplies,22052,Office,Yes,24AABC2739A1Z3
garment,26046,Clothing,Yes,24AABC1320A1Z2
auto,10700,Vehicle,No,24AABC3244A1Z6
Projector Epson,38437,Electronics,Yes,24AABC1027A1Z3
Garment manufacturing,39792,Clothing,Yes,24AABC1630A1Z7
Chai nashta,11085,Food,No,24AABC2169A1Z4
suit stitching,27377,Clothing,Yes,24AABC5392A1Z8
CCTV,15198,Electronics,Yes,24AABC2713A1Z3
uniform,45082,Clothing,Yes,24AABC9352A1Z7
medicine,16652,Pharma,Yes,24AABC7346A1Z5
scooter,17529,Vehicle,No,24AABC7894A1Z2
yatra ticket,8567,Travel,Yes,24AABC6596A1Z3
CCTV,30976,Electronics,Yes,24AABC1534A1Z8
office furniture,8999,Office,Yes,24AABC2590A1Z2
kapda,33490,Clothing,Yes,24AABC4453A1Z4
Textile material cotton,16439,Clothing,Yes,24AABC9267A1Z5
Office furniture chair table,11158,Office,Yes,24AABC2759A1Z1
office furniture,8851,Office,Yes,24AABC1001A1Z6
bhojan,48570,Food,No,24AABC4440A1Z4
Car loan EMI,31076,Vehicle,No,24AABC8034A1Z9
hotel ka khana,39925,Food,No,24AABC9685A1Z4
flight ticket,12935,Travel,Yes,24AABC8344A1Z2
Medical supplies hospital,12698,Pharma,Yes,24AABC5236A1Z3
Food court lunch,36349,Food,No,24AABC6505A1Z9
Train ticket IRCTC,12847,Travel,Yes,24AABC5731A1Z6
Cloth kapda purchase,25812,Clothing,Yes,24AABC8844A1Z4
stamp pad,23314,Office,Yes,24AABC9266A1Z6
Food court lunch,23375,Food,No,24AABC1467A1Z1
Pen pencil eraser,16617,Office,Yes,24AABC4943A1Z7
medical,740,Pharma,Yes,24AABC7163A1Z3
catering,40523,Food,No,24AABC3436A1Z6
stamp pad,11575,Office,Yes,24AABC9374A1Z8
shirt pant,49627,Clothing,Yes,24AABC3237A1Z7
safar ka kharcha,27552,Travel,Yes,24AABC5574A1Z2
Medical equipment,45625,Pharma,Yes,24AABC6376A1Z7
Whiteboard marker set,28394,Office,Yes,24AABC4650A1Z6
restaurant,20022,Food,No,24AABC5171A1Z2
Canteen meal expense,23025,Food,No,24AABC6390A1Z1
lunch,17735,Food,No,24AABC3999A1Z7
uniform,23064,Clothing,Yes,24AABC9997A1Z2
gaadi service,46058,Travel,Yes,24AABC3213A1Z6
Khana catering,21427,Food,No,24AABC9666A1Z4
Restaurant bill dinner,17014,Food,No,24AABC2290A1Z9
Fuel petrol diesel,31361,Travel,Yes,24AABC4605A1Z9
Cloth kapda purchase,6047,Clothing,Yes,24AABC9121A1Z7
Printing paper A4 ream,8964,Office,Yes,24AABC1921A1Z3
Computer accessories keyboard mouse,8836,Electronics,Yes,24AABC3054A1Z2
Computer accessories keyboard mouse,1578,Electronics,Yes,24AABC1020A1Z2
party catering,36412,Food,No,24AABC8412A1Z8
Vehicle insurance premium,13165,Vehicle,No,24AABC7095A1Z2
dawakhana purchase,36343,Pharma,Yes,24AABC6608A1Z5
pharmaceutical,43230,Pharma,Yes,24AABC8313A1Z3
Stapler binding,29428,Office,Yes,24AABC7828A1Z4
uniform,16920,Clothing,Yes,24AABC7978A1Z2
gaadi kharido,31418,Vehicle,No,24AABC4297A1Z4
Hotel food expense,22206,Food,No,24AABC4994A1Z5
Vehicle insurance premium,20135,Vehicle,No,24AABC7149A1Z6
chai,20610,Food,No,24AABC3525A1Z1
karyalay saaman,26581,Office,Yes,24AABC9284A1Z5
Restaurant dinner party,45252,Food,No,24AABC6806A1Z9
Pharmaceutical drugs wholesale,14602,Pharma,Yes,24AABC1629A1Z2
Bhojan ka bill,15572,Food,No,24AABC5436A1Z6
auto,1239,Vehicle,No,24AABC3445A1Z7
fabric,16385,Clothing,Yes,24AABC6442A1Z3
Pharmaceutical drugs wholesale,23653,Pharma,Yes,24AABC7022A1Z7
uniform,35950,Clothing,Yes,24AABC3550A1Z4
computer saaman,29658,Electronics,Yes,24AABC1044A1Z3
Catering service lunch,15948,Food,No,24AABC8048A1Z5
Dawa purchase,18147,Pharma,Yes,24AABC1663A1Z2
Bhojan ka bill,12235,Food,No,24AABC5679A1Z9
lunch,25221,Food,No,24AABC6443A1Z4
Medicine stock,3032,Pharma,Yes,24AABC5377A1Z5
Catering service lunch,21043,Food,No,24AABC2662A1Z3
lunch,49297,Food,No,24AABC1935A1Z4
Personal vehicle maintenance,42641,Vehicle,No,24AABC9763A1Z7
Toll tax highway,39936,Travel,Yes,24AABC3677A1Z3
bike purchase,34602,Vehicle,No,24AABC2002A1Z7
Courier service,36126,Office,Yes,24AABC5408A1Z5
office furniture,11521,Office,Yes,24AABC3823A1Z6
Fuel petrol diesel,29431,Travel,Yes,24AABC5752A1Z3
car,15576,Vehicle,No,24AABC6451A1Z5
gaadi service,3131,Travel,Yes,24AABC7744A1Z5
hotel stay business trip,3888,Travel,Yes,24AABC3251A1Z3
catering,6101,Food,No,24AABC4220A1Z2
stamp pad,4631,Office,Yes,24AABC7613A1Z9
bike purchase,28345,Vehicle,No,24AABC8748A1Z9
yatra ticket,21636,Travel,Yes,24AABC8034A1Z6
saree purchase,11257,Clothing,Yes,24AABC9934A1Z9
Restaurant dinner party,35034,Food,No,24AABC3723A1Z2
Fuel petrol diesel,47375,Travel,Yes,24AABC4020A1Z3
mobile phone,41634,Electronics,Yes,24AABC1752A1Z5
Flight booking Mumbai Delhi,5048,Travel,Yes,24AABC8547A1Z5
Surgical items,31073,Pharma,Yes,24AABC7302A1Z3
Chai nashta,10505,Food,No,24AABC2276A1Z7
lunch,10959,Food,No,24AABC9935A1Z5
Bhojan ka bill,24543,Food,No,24AABC5385A1Z1
health products,1484,Pharma,Yes,24AABC2714A1Z3
lunch,43189,Food,No,24AABC5054A1Z5
Medicine purchase chemist,3727,Pharma,Yes,24AABC5039A1Z7
computer saaman,13216,Electronics,Yes,24AABC4210A1Z1
bike purchase,8205,Vehicle,No,24AABC4764A1Z5
LED monitor LG,26497,Electronics,Yes,24AABC9261A1Z7
Fabric purchase wholesale,40747,Clothing,Yes,24AABC8280A1Z3
dinner,15386,Food,No,24AABC2395A1Z9
train,2757,Travel,Yes,24AABC1047A1Z1
petrol diesel,5135,Travel,Yes,24AABC2725A1Z3
auto,31849,Vehicle,No,24AABC4716A1Z6
Office supplies,25672,Office,Yes,24AABC2506A1Z1
hotel stay business trip,38528,Travel,Yes,24AABC3859A1Z6
Food court lunch,13402,Food,No,24AABC6154A1Z6
car,47363,Vehicle,No,24AABC3398A1Z8
hospital supply,17206,Pharma,Yes,24AABC2334A1Z5
LED monitor LG,36049,Electronics,Yes,24AABC2314A1Z3
Mobile phone Samsung Galaxy,30388,Electronics,Yes,24AABC5173A1Z2
notebook register,31643,Office,Yes,24AABC4991A1Z6
bike,27696,Vehicle,No,24AABC6906A1Z1
printer,48760,Electronics,Yes,24AABC1840A1Z5
hospital supply,15330,Pharma,Yes,24AABC4401A1Z8
Catering service lunch,25214,Food,No,24AABC3580A1Z5
computer saaman,39867,Electronics,Yes,24AABC7001A1Z2
Vehicle insurance premium,49756,Vehicle,No,24AABC8907A1Z3
Flight booking Mumbai Delhi,46409,Travel,Yes,24AABC7491A1Z2
Fuel petrol diesel,33854,Travel,Yes,24AABC3925A1Z3
vehicle,48997,Vehicle,No,24AABC6431A1Z9
karyalay saaman,32369,Office,Yes,24AABC7273A1Z8
bike purchase,26787,Vehicle,No,24AABC3043A1Z5
medical,15513,Pharma,Yes,24AABC2700A1Z8
Hospital supplies,7669,Pharma,Yes,24AABC5538A1Z7
Hospital supplies,31734,Pharma,Yes,24AABC2159A1Z9
Chemist bill,2764,Pharma,Yes,24AABC8273A1Z4
Surgical items,26472,Pharma,Yes,24AABC3943A1Z9
kapda,8392,Clothing,Yes,24AABC6107A1Z7
pharmaceutical,30992,Pharma,Yes,24AABC7085A1Z5
Printing paper A4 ream,9380,Office,Yes,24AABC3004A1Z9
Auto rickshaw Ola Uber,20687,Travel,Yes,24AABC2112A1Z8
UPS battery backup,8368,Electronics,Yes,24AABC3486A1Z1
Medical equipment,41485,Pharma,Yes,24AABC2413A1Z8
Vehicle insurance premium,45646,Vehicle,No,24AABC6660A1Z8
stationery items,2825,Office,Yes,24AABC2512A1Z4
Readymade garments,45983,Clothing,Yes,24AABC9687A1Z4
bhojan,48918,Food,No,24AABC4245A1Z4
kapde ka bill,12571,Clothing,Yes,24AABC5005A1Z4
saree purchase,13776,Clothing,Yes,24AABC6563A1Z8
Medicine purchase chemist,5673,Pharma,Yes,24AABC3704A1Z3
medical,6778,Pharma,Yes,24AABC3706A1Z1
gaadi,10875,Vehicle,No,24AABC1477A1Z9
chai,48505,Food,No,24AABC2212A1Z5
printer,4999,Electronics,Yes,24AABC7805A1Z1
Lunch box catering,16687,Food,No,24AABC6086A1Z2
kapde ka bill,16471,Clothing,Yes,24AABC1323A1Z1
printing paper,21862,Office,Yes,24AABC3371A1Z4
Cloth kapda purchase,47479,Clothing,Yes,24AABC7287A1Z6
printing paper,43132,Office,Yes,24AABC6266A1Z1
Car loan EMI,44727,Vehicle,No,24AABC8383A1Z3
yatra ticket,37916,Travel,Yes,24AABC7209A1Z9
Courier service,34097,Office,Yes,24AABC6695A1Z2
shirt pant,39026,Clothing,Yes,24AABC2105A1Z6
karyalay saaman,23690,Office,Yes,24AABC8932A1Z7
monitor,15907,Electronics,Yes,24AABC5902A1Z8
medicine,32864,Pharma,Yes,24AABC9993A1Z3
Readymade garments,3973,Clothing,Yes,24AABC7058A1Z6
Medical equipment,4568,Pharma,Yes,24AABC9232A1Z8
Printing paper A4 ream,1453,Office,Yes,24AABC1800A1Z9
hotel stay business trip,10690,Travel,Yes,24AABC9693A1Z9
car insurance,46944,Vehicle,No,24AABC8120A1Z5
Textile material cotton,45319,Clothing,Yes,24AABC7276A1Z6
catering,712,Food,No,24AABC8120A1Z9
karyalay saaman,29195,Office,Yes,24AABC3284A1Z7
saree purchase,11312,Clothing,Yes,24AABC4262A1Z8
toll,35975,Travel,Yes,24AABC2829A1Z8
Router TP-Link WiFi,15265,Electronics,Yes,24AABC3677A1Z9
Toll tax highway,24794,Travel,Yes,24AABC1014A1Z7
restaurant,6619,Food,No,24AABC8872A1Z6
LED monitor LG,48501,Electronics,Yes,24AABC4907A1Z8
mobile,36505,Electronics,Yes,24AABC1598A1Z2
dawakhana purchase,11555,Pharma,Yes,24AABC8594A1Z1
gaadi service,12375,Travel,Yes,24AABC7830A1Z4
medicine,41413,Pharma,Yes,24AABC2267A1Z8
safar ka kharcha,3546,Travel,Yes,24AABC3359A1Z5
Khana catering,31268,Food,No,24AABC2388A1Z7
yatra ticket,12988,Travel,Yes,24AABC7674A1Z4
desk table,36947,Office,Yes,24AABC8979A1Z8
Lunch box catering,31843,Food,No,24AABC3881A1Z7
computer saaman,862,Electronics,Yes,24AABC3280A1Z9
Garment manufacturing,44736,Clothing,Yes,24AABC4181A1Z5
personal car,17662,Vehicle,No,24AABC3592A1Z6
Canteen meal expense,27347,Food,No,24AABC9306A1Z2
fabric,36497,Clothing,Yes,24AABC7021A1Z2
Garment manufacturing,22228,Clothing,Yes,24AABC6994A1Z7
food expense,13933,Food,No,24AABC8406A1Z8
fabric,37571,Clothing,Yes,24AABC5778A1Z9
bhojan,18300,Food,No,24AABC9522A1Z5
taxi fare,14496,Travel,Yes,24AABC1970A1Z2
Personal vehicle maintenance,14799,Vehicle,No,24AABC3923A1Z5
hotel stay business trip,10449,Travel,Yes,24AABC6587A1Z9
bus ticket,35595,Travel,Yes,24AABC3112A1Z1
train,5659,Travel,Yes,24AABC8473A1Z7
health products,43872,Pharma,Yes,24AABC1006A1Z5
kapda,43498,Clothing,Yes,24AABC1123A1Z9
nashta,7397,Food,No,24AABC6381A1Z3
flight ticket,48617,Travel,Yes,24AABC4984A1Z8
pharmaceutical,18991,Pharma,Yes,24AABC2589A1Z2
hotel ka khana,29269,Food,No,24AABC9375A1Z8
shirt pant,4911,Clothing,Yes,24AABC1741A1Z3
medical,21907,Pharma,Yes,24AABC7916A1Z5
clothing,38214,Clothing,Yes,24AABC1328A1Z7
desk table,2664,Office,Yes,24AABC6240A1Z1
gaadi kharido,3168,Vehicle,No,24AABC8757A1Z7
nashta,41472,Food,No,24AABC7401A1Z4
nashta,18039,Food,No,24AABC7128A1Z4
hospital supply,46141,Pharma,Yes,24AABC6769A1Z8
flight ticket,20457,Travel,Yes,24AABC3981A1Z6
Printing paper A4 ream,34285,Office,Yes,24AABC1732A1Z6
bike purchase,35205,Vehicle,No,24AABC6792A1Z3
Printer HP LaserJet,15427,Electronics,Yes,24AABC4558A1Z6
Uniform stitching,29652,Clothing,Yes,24AABC2839A1Z4
Uniform stitching,1139,Clothing,Yes,24AABC5473A1Z5
kapde ka bill,24122,Clothing,Yes,24AABC3921A1Z4
scooter,18712,Vehicle,No,24AABC4172A1Z8
Medicine purchase chemist,13655,Pharma,Yes,24AABC9910A1Z9
clothing,30741,Clothing,Yes,24AABC6666A1Z5
Flight booking Mumbai Delhi,36235,Travel,Yes,24AABC4153A1Z9
Fabric purchase wholesale,45114,Clothing,Yes,24AABC4294A1Z9
dawakhana purchase,47858,Pharma,Yes,24AABC5690A1Z4
pharmaceutical,43324,Pharma,Yes,24AABC4267A1Z1
Fabric purchase wholesale,36403,Clothing,Yes,24AABC8373A1Z1
train,26225,Travel,Yes,24AABC3972A1Z4
restaurant,28422,Food,No,24AABC5546A1Z8
yatra ticket,6528,Travel,Yes,24AABC6526A1Z5
Medical equipment,22602,Pharma,Yes,24AABC4700A1Z4
bike purchase,3575,Vehicle,No,24AABC3969A1Z7
Pharmaceutical drugs wholesale,41036,Pharma,Yes,24AABC2701A1Z6
Restaurant bill dinner,36541,Food,No,24AABC6170A1Z7
health products,23997,Pharma,Yes,24AABC3870A1Z1
car,28010,Vehicle,No,24AABC2188A1Z1
mobile phone,19423,Electronics,Yes,24AABC9416A1Z2
computer,40150,Electronics,Yes,24AABC4121A1Z1
Projector Epson,39558,Electronics,Yes,24AABC1149A1Z7
CCTV camera installation,3654,Electronics,Yes,24AABC9962A1Z8
Car loan EMI,24315,Vehicle,No,24AABC3053A1Z9
laptop,3256,Electronics,Yes,24AABC9795A1Z3
food expense,28651,Food,No,24AABC4049A1Z4
Chemist bill,44727,Pharma,Yes,24AABC7678A1Z2
File folder document,24725,Office,Yes,24AABC8143A1Z1
uniform,11851,Clothing,Yes,24AABC5006A1Z6
CCTV,12123,Electronics,Yes,24AABC9768A1Z6
dinner,8547,Food,No,24AABC6056A1Z3
restaurant,33997,Food,No,24AABC8876A1Z2
Bus ticket interstate,32209,Travel,Yes,24AABC6981A1Z4
khane ka bill,42147,Food,No,24AABC3355A1Z4
Personal vehicle maintenance,44415,Vehicle,No,24AABC5907A1Z6
fabric,30690,Clothing,Yes,24AABC1305A1Z5
garment,41803,Clothing,Yes,24AABC5507A1Z2
Toll tax highway,16428,Travel,Yes,24AABC9485A1Z7
medical store,1954,Pharma,Yes,24AABC9499A1Z8
Mobile phone Samsung Galaxy,18596,Electronics,Yes,24AABC9066A1Z1
bike,11448,Vehicle,No,24AABC6106A1Z7
Stationery purchase pens notebooks,46993,Office,Yes,24AABC2580A1Z9
Readymade garments,48036,Clothing,Yes,24AABC9027A1Z7
desk table,32979,Office,Yes,24AABC3173A1Z5
scooter,48244,Vehicle,No,24AABC1367A1Z1
Auto rickshaw Ola Uber,18063,Travel,Yes,24AABC3426A1Z8
gaadi,44968,Vehicle,No,24AABC1117A1Z5
Medicine purchase chemist,44046,Pharma,Yes,24AABC8007A1Z1
dinner,21792,Food,No,24AABC3484A1Z2
stamp pad,26067,Office,Yes,24AABC4582A1Z5
printer,15692,Electronics,Yes,24AABC9785A1Z2
Readymade garments,24225,Clothing,Yes,24AABC3100A1Z3
Two wheeler bike scooter,40870,Vehicle,No,24AABC4996A1Z5
train,12676,Travel,Yes,24AABC4410A1Z2
travel expense,21669,Travel,Yes,24AABC2042A1Z6
printing paper,44478,Office,Yes,24AABC5115A1Z5
Fuel petrol diesel,2148,Travel,Yes,24AABC8862A1Z7
Khana catering,21108,Food,No,24AABC4439A1Z2
toll,28444,Travel,Yes,24AABC8853A1Z6
Car purchase personal use,10004,Vehicle,No,24AABC8637A1Z1
notebook register,34353,Office,Yes,24AABC1945A1Z1
Auto rickshaw Ola Uber,5899,Travel,Yes,24AABC7845A1Z7
car insurance,6952,Vehicle,No,24AABC5160A1Z9
Toll tax highway,14157,Travel,Yes,24AABC4274A1Z5
bike,10604,Vehicle,No,24AABC9061A1Z5
yatra ticket,25216,Travel,Yes,24AABC3586A1Z5
computer saaman,29354,Electronics,Yes,24AABC2089A1Z2
Chemist bill,35232,Pharma,Yes,24AABC9748A1Z1
Readymade garments,9711,Clothing,Yes,24AABC4914A1Z9
car,48547,Vehicle,No,24AABC7313A1Z1
fabric,9116,Clothing,Yes,24AABC2410A1Z3
kapda,21708,Clothing,Yes,24AABC3993A1Z1
router,3940,Electronics,Yes,24AABC3789A1Z5
computer,27807,Electronics,Yes,24AABC6154A1Z9
toll,14900,Travel,Yes,24AABC4419A1Z4
uniform,1416,Clothing,Yes,24AABC7148A1Z3
hospital supply,8456,Pharma,Yes,24AABC7227A1Z3
Whiteboard marker set,47587,Office,Yes,24AABC5680A1Z7
Printer HP LaserJet,16101,Electronics,Yes,24AABC9430A1Z7
CCTV camera installation,31354,Electronics,Yes,24AABC9778A1Z2
Medical equipment,17597,Pharma,Yes,24AABC9276A1Z9
Mobile phone Samsung Galaxy,29196,Electronics,Yes,24AABC7653A1Z2
computer,15975,Electronics,Yes,24AABC3382A1Z6
Personal vehicle maintenance,38103,Vehicle,No,24AABC1898A1Z8
gaadi,11317,Vehicle,No,24AABC9881A1Z2
garment,36865,Clothing,Yes,24AABC4602A1Z4
Textile material cotton,18104,Clothing,Yes,24AABC2459A1Z9
Fabric purchase wholesale,40929,Clothing,Yes,24AABC4785A1Z3
kapde ka bill,6348,Clothing,Yes,24AABC7222A1Z8
Fuel petrol diesel,22375,Travel,Yes,24AABC9572A1Z5
scooter,46519,Vehicle,No,24AABC6867A1Z8
train,12353,Travel,Yes,24AABC1158A1Z2
Medical supplies hospital,800,Pharma,Yes,24AABC7618A1Z4
Medical supplies hospital,23357,Pharma,Yes,24AABC1511A1Z9
clothing,40292,Clothing,Yes,24AABC5728A1Z3
Office supplies,47998,Office,Yes,24AABC5041A1Z4
Uniform stitching,11649,Clothing,Yes,24AABC8892A1Z7
toll,43668,Travel,Yes,24AABC1531A1Z3
gaadi,18145,Vehicle,No,24AABC8721A1Z2
CCTV camera installation,29992,Electronics,Yes,24AABC2740A1Z6
pharmaceutical,45096,Pharma,Yes,24AABC1872A1Z9
Toll tax highway,40596,Travel,Yes,24AABC4401A1Z1
kapde ka bill,36331,Clothing,Yes,24AABC8563A1Z9
personal car,45715,Vehicle,No,24AABC4744A1Z5
health products,38749,Pharma,Yes,24AABC7237A1Z7
Two wheeler bike scooter,12472,Vehicle,No,24AABC9682A1Z2
router,47746,Electronics,Yes,24AABC3564A1Z7
Cloth kapda purchase,34844,Clothing,Yes,24AABC5084A1Z4
Toll tax highway,28106,Travel,Yes,24AABC9910A1Z7
Courier service,27457,Office,Yes,24AABC6013A1Z9
Router TP-Link WiFi,35577,Electronics,Yes,24AABC7377A1Z5
textile,46547,Clothing,Yes,24AABC5427A1Z2
restaurant,4857,Food,No,24AABC7571A1Z4
Projector Epson,9732,Electronics,Yes,24AABC9308A1Z7
health products,42103,Pharma,Yes,24AABC7809A1Z3
Chemist bill,15126,Pharma,Yes,24AABC2347A1Z3
Surgical items,22639,Pharma,Yes,24AABC7678A1Z1
Catering service lunch,43051,Food,No,24AABC7756A1Z4
Flight booking Mumbai Delhi,1571,Travel,Yes,24AABC1072A1Z9
Two wheeler bike scooter,36614,Vehicle,No,24AABC1733A1Z9
Medical equipment,27399,Pharma,Yes,24AABC2447A1Z8
health products,16112,Pharma,Yes,24AABC8192A1Z6
Bhojan ka bill,22143,Food,No,24AABC5079A1Z9
Medical equipment,4377,Pharma,Yes,24AABC2417A1Z5
Car purchase personal use,25896,Vehicle,No,24AABC5353A1Z6
bus ticket,5615,Travel,Yes,24AABC6759A1Z5
Pen pencil eraser,5757,Office,Yes,24AABC7484A1Z4
desk table,41917,Office,Yes,24AABC3303A1Z6
hotel ka khana,6649,Food,No,24AABC3151A1Z2
monitor,30595,Electronics,Yes,24AABC1065A1Z5
bike,39342,Vehicle,No,24AABC1510A1Z3
Two wheeler bike scooter,18283,Vehicle,No,24AABC6643A1Z9
clothing,18739,Clothing,Yes,24AABC1669A1Z2
dinner,16284,Food,No,24AABC1062A1Z3
vehicle,48476,Vehicle,No,24AABC3964A1Z2
Khana catering,25076,Food,No,24AABC8641A1Z4
Router TP-Link WiFi,35004,Electronics,Yes,24AABC8431A1Z9
suit stitching,8392,Clothing,Yes,24AABC7532A1Z8
dawa,44334,Pharma,Yes,24AABC2154A1Z7
Toll tax highway,42115,Travel,Yes,24AABC7728A1Z1
hotel ka khana,38040,Food,No,24AABC1328A1Z7
Router TP-Link WiFi,38003,Electronics,Yes,24AABC8554A1Z5
Fuel petrol diesel,32896,Travel,Yes,24AABC7721A1Z2
Auto rickshaw Ola Uber,3144,Travel,Yes,24AABC8416A1Z1
notebook register,40786,Office,Yes,24AABC6413A1Z2
desk table,28793,Office,Yes,24AABC9274A1Z5
router,11033,Electronics,Yes,24AABC1534A1Z4
stamp pad,17604,Office,Yes,24AABC7084A1Z4
car insurance,8153,Vehicle,No,24AABC8545A1Z4
personal car,38978,Vehicle,No,24AABC3728A1Z6
Textile material cotton,5130,Clothing,Yes,24AABC4027A1Z7
toll,7937,Travel,Yes,24AABC9534A1Z4
office chair,12761,Office,Yes,24AABC8147A1Z9
Printer HP LaserJet,17662,Electronics,Yes,24AABC4971A1Z3
car,26280,Vehicle,No,24AABC3679A1Z7
Chemist bill,9351,Pharma,Yes,24AABC3445A1Z9
Office furniture chair table,44990,Office,Yes,24AABC2344A1Z8
Cloth kapda purchase,7586,Clothing,Yes,24AABC3032A1Z1
lunch,44426,Food,No,24AABC7831A1Z5
food expense,27699,Food,No,24AABC9107A1Z5
computer,45325,Electronics,Yes,24AABC4836A1Z2
stamp pad,40652,Office,Yes,24AABC8972A1Z4
gaadi kharido,7359,Vehicle,No,24AABC1862A1Z6
Restaurant dinner party,3105,Food,No,24AABC4796A1Z7
laptop,3291,Electronics,Yes,24AABC1900A1Z2
vehicle,25121,Vehicle,No,24AABC2234A1Z2
Mobile phone Samsung Galaxy,35250,Electronics,Yes,24AABC1834A1Z9
printer cartridge,20695,Electronics,Yes,24AABC3884A1Z6
chai,40547,Food,No,24AABC4285A1Z4
printer cartridge,30867,Electronics,Yes,24AABC2349A1Z7
uniform,27203,Clothing,Yes,24AABC1277A1Z3
Cloth kapda purchase,2089,Clothing,Yes,24AABC6296A1Z9
taxi fare,1782,Travel,Yes,24AABC9083A1Z6
car insurance,3593,Vehicle,No,24AABC6015A1Z7
Office supplies,25619,Office,Yes,24AABC4767A1Z2
personal car,19296,Vehicle,No,24AABC1344A1Z9
Fuel petrol diesel,25553,Travel,Yes,24AABC7672A1Z6
personal car,38606,Vehicle,No,24AABC2626A1Z3
Food court lunch,5743,Food,No,24AABC1659A1Z7
car insurance,11856,Vehicle,No,24AABC6670A1Z2
Car loan EMI,5573,Vehicle,No,24AABC9960A1Z3
bus ticket,41079,Travel,Yes,24AABC3076A1Z7
Restaurant bill dinner,11595,Food,No,24AABC3804A1Z9
saree purchase,36934,Clothing,Yes,24AABC3928A1Z8
Medical supplies hospital,1344,Pharma,Yes,24AABC5561A1Z1
Vehicle insurance premium,4164,Vehicle,No,24AABC5865A1Z9
Hotel food expense,23166,Food,No,24AABC7155A1Z4
Computer accessories keyboard mouse,8738,Electronics,Yes,24AABC2016A1Z6
Personal vehicle maintenance,46740,Vehicle,No,24AABC7999A1Z6
scooter,17260,Vehicle,No,24AABC3443A1Z3
restaurant,40657,Food,No,24AABC8243A1Z6
suit stitching,43419,Clothing,Yes,24AABC2767A1Z9
projector,14043,Electronics,Yes,24AABC6416A1Z3
karyalay saaman,5472,Office,Yes,24AABC7863A1Z2
Office furniture chair table,40234,Office,Yes,24AABC2935A1Z7
gaadi kharido,45631,Vehicle,No,24AABC3549A1Z3
Hotel food expense,9662,Food,No,24AABC5025A1Z9
Medicine purchase chemist,22487,Pharma,Yes,24AABC4460A1Z7
gaadi,33237,Vehicle,No,24AABC7787A1Z8
hotel ka khana,31117,Food,No,24AABC6580A1Z5
LED monitor LG,26856,Electronics,Yes,24AABC6143A1Z2
Stapler binding,20672,Office,Yes,24AABC7953A1Z7
monitor,31337,Electronics,Yes,24AABC6979A1Z2
Car loan EMI,7894,Vehicle,No,24AABC2603A1Z8
personal car,7335,Vehicle,No,24AABC9732A1Z1
fabric,14815,Clothing,Yes,24AABC1709A1Z8
petrol diesel,11965,Travel,Yes,24AABC5622A1Z3
car,11659,Vehicle,No,24AABC4540A1Z3
vehicle,1045,Vehicle,No,24AABC6043A1Z6
Router TP-Link WiFi,15135,Electronics,Yes,24AABC2211A1Z1
Canteen meal expense,34795,Food,No,24AABC7079A1Z8
health products,48326,Pharma,Yes,24AABC1763A1Z7
Catering service lunch,45384,Food,No,24AABC4902A1Z7
dawakhana purchase,38328,Pharma,Yes,24AABC2939A1Z7
vehicle,41569,Vehicle,No,24AABC5202A1Z3
health products,7149,Pharma,Yes,24AABC9980A1Z7
hotel stay business trip,33469,Travel,Yes,24AABC5409A1Z6
Cloth kapda purchase,557,Clothing,Yes,24AABC5152A1Z7
notebook register,2592,Office,Yes,24AABC8305A1Z6
notebook register,16295,Office,Yes,24AABC9522A1Z3
Lunch box catering,12955,Food,No,24AABC5233A1Z7
Train ticket IRCTC,26792,Travel,Yes,24AABC5325A1Z7
health products,930,Pharma,Yes,24AABC1356A1Z3
Dawa purchase,2173,Pharma,Yes,24AABC5762A1Z1
Surgical items,41295,Pharma,Yes,24AABC3752A1Z9
dinner,10463,Food,No,24AABC8562A1Z4
pharmaceutical,43528,Pharma,Yes,24AABC3335A1Z4
food expense,48545,Food,No,24AABC5594A1Z1
Car loan EMI,24195,Vehicle,No,24AABC9139A1Z2
gaadi service,34707,Travel,Yes,24AABC9320A1Z7
safar ka kharcha,30122,Travel,Yes,24AABC4702A1Z5
Fuel petrol diesel,20919,Travel,Yes,24AABC8290A1Z6
notebook register,43473,Office,Yes,24AABC4535A1Z4
shirt pant,46679,Clothing,Yes,24AABC2160A1Z2
mobile phone,48446,Electronics,Yes,24AABC2480A1Z2
Medical equipment,23030,Pharma,Yes,24AABC5404A1Z7
health products,1031,Pharma,Yes,24AABC8979A1Z2
personal car,35738,Vehicle,No,24AABC4194A1Z8
bhojan,32761,Food,No,24AABC3349A1Z1
Car loan EMI,30759,Vehicle,No,24AABC2828A1Z1
Medicine stock,29750,Pharma,Yes,24AABC9777A1Z7
auto,43330,Vehicle,No,24AABC5667A1Z8
laptop,30222,Electronics,Yes,24AABC5274A1Z4
gaadi,8504,Vehicle,No,24AABC1817A1Z1
Medicine stock,34064,Pharma,Yes,24AABC7512A1Z5
hotel stay business trip,49108,Travel,Yes,24AABC2666A1Z6
Canteen meal expense,40367,Food,No,24AABC3749A1Z3
Office furniture chair table,44608,Office,Yes,24AABC2602A1Z6
medical store,29097,Pharma,Yes,24AABC8061A1Z6
Courier service,47434,Office,Yes,24AABC3358A1Z3
Surgical items,33889,Pharma,Yes,24AABC1928A1Z7
projector,3814,Electronics,Yes,24AABC1144A1Z2
Office supplies,26178,Office,Yes,24AABC1574A1Z3
Restaurant bill dinner,5900,Food,No,24AABC6443A1Z4
party catering,15399,Food,No,24AABC4354A1Z6
Stapler binding,34854,Office,Yes,24AABC2816A1Z3
textile,6745,Clothing,Yes,24AABC9651A1Z3
medical store,23000,Pharma,Yes,24AABC1635A1Z4
catering,20492,Food,No,24AABC6381A1Z1
catering,9701,Food,No,24AABC4714A1Z8
Projector Epson,23786,Electronics,Yes,24AABC7518A1Z7
nashta,10618,Food,No,24AABC3691A1Z3
stationery items,14181,Office,Yes,24AABC3171A1Z3
Courier service,28976,Office,Yes,24AABC8198A1Z8
garment,17195,Clothing,Yes,24AABC3484A1Z6
restaurant,47970,Food,No,24AABC8409A1Z4
party catering,43300,Food,No,24AABC6434A1Z3
catering,2458,Food,No,24AABC2911A1Z6
taxi fare,11971,Travel,Yes,24AABC6596A1Z6
chai,12111,Food,No,24AABC2422A1Z1
Car purchase personal use,45337,Vehicle,No,24AABC1759A1Z6
safar ka kharcha,29256,Travel,Yes,24AABC6165A1Z2
Whiteboard marker set,14885,Office,Yes,24AABC4499A1Z2
scooter,3416,Vehicle,No,24AABC6504A1Z9
scooter,3310,Vehicle,No,24AABC5848A1Z5
projector,27011,Electronics,Yes,24AABC2621A1Z7
Car purchase personal use,32477,Vehicle,No,24AABC2969A1Z8
khana,15236,Food,No,24AABC7883A1Z8
LED monitor LG,43637,Electronics,Yes,24AABC6477A1Z7
scooter,14978,Vehicle,No,24AABC1279A1Z8
suit stitching,15882,Clothing,Yes,24AABC1669A1Z6
gaadi kharido,27301,Vehicle,No,24AABC6354A1Z8
clothing,3140,Clothing,Yes,24AABC4565A1Z1
Office furniture chair table,41968,Office,Yes,24AABC3691A1Z4
Pharmaceutical drugs wholesale,33762,Pharma,Yes,24AABC4635A1Z9
LED monitor LG,24774,Electronics,Yes,24AABC6120A1Z7
Stationery purchase pens notebooks,16792,Office,Yes,24AABC3606A1Z8
Readymade garments,1542,Clothing,Yes,24AABC8239A1Z7
Cloth kapda purchase,3096,Clothing,Yes,24AABC6759A1Z7
stationery items,36168,Office,Yes,24AABC3231A1Z8
Restaurant bill dinner,5028,Food,No,24AABC3971A1Z9
car insurance,4008,Vehicle,No,24AABC1463A1Z7
Lunch box catering,48588,Food,No,24AABC3860A1Z5
taxi fare,9906,Travel,Yes,24AABC1750A1Z3
Canteen meal expense,19046,Food,No,24AABC1116A1Z3
dawa,37666,Pharma,Yes,24AABC2335A1Z4
notebook register,38116,Office,Yes,24AABC8380A1Z5
projector,35855,Electronics,Yes,24AABC8036A1Z9
train,48512,Travel,Yes,24AABC8745A1Z2
Hard disk WD 1TB,3213,Electronics,Yes,24AABC3775A1Z6
Khana catering,46652,Food,No,24AABC7274A1Z8
yatra ticket,30066,Travel,Yes,24AABC5369A1Z1
flight ticket,29459,Travel,Yes,24AABC3193A1Z7
printing paper,9158,Office,Yes,24AABC6236A1Z8
textile,49223,Clothing,Yes,24AABC1345A1Z9
Car purchase personal use,6967,Vehicle,No,24AABC9646A1Z3
gaadi kharido,48470,Vehicle,No,24AABC4204A1Z9
medicine,1102,Pharma,Yes,24AABC1757A1Z8
computer,24880,Electronics,Yes,24AABC3079A1Z6
Two wheeler bike scooter,29323,Vehicle,No,24AABC3294A1Z6
Catering service lunch,18793,Food,No,24AABC9642A1Z6
Surgical items,15464,Pharma,Yes,24AABC8112A1Z9
hotel stay business trip,16427,Travel,Yes,24AABC8336A1Z1
saree purchase,47467,Clothing,Yes,24AABC2884A1Z3
Medicine stock,17969,Pharma,Yes,24AABC4479A1Z7
catering,3914,Food,No,24AABC3697A1Z7
kapda,11427,Clothing,Yes,24AABC5180A1Z7
Car purchase personal use,9700,Vehicle,No,24AABC6668A1Z2
Canteen meal expense,1259,Food,No,24AABC5491A1Z9
Stapler binding,26272,Office,Yes,24AABC2513A1Z4
hospital supply,27411,Pharma,Yes,24AABC3916A1Z8
food expense,3116,Food,No,24AABC1645A1Z8
Auto rickshaw Ola Uber,8610,Travel,Yes,24AABC5516A1Z8
Train ticket IRCTC,13826,Travel,Yes,24AABC8191A1Z6
dinner,49271,Food,No,24AABC5923A1Z3
Flight booking Mumbai Delhi,12019,Travel,Yes,24AABC5948A1Z4
fabric,26102,Clothing,Yes,24AABC5726A1Z1
printer cartridge,15168,Electronics,Yes,24AABC3507A1Z3
Fuel petrol diesel,32919,Travel,Yes,24AABC2689A1Z4
desk table,26730,Office,Yes,24AABC5362A1Z4
travel expense,1011,Travel,Yes,24AABC6335A1Z8
flight ticket,40822,Travel,Yes,24AABC9670A1Z8
notebook register,16925,Office,Yes,24AABC1943A1Z5
Printing paper A4 ream,21159,Office,Yes,24AABC8763A1Z5
yatra ticket,3597,Travel,Yes,24AABC6872A1Z8
Surgical items,17327,Pharma,Yes,24AABC1787A1Z9
Office furniture chair table,41679,Office,Yes,24AABC4421A1Z5
Hospital supplies,34106,Pharma,Yes,24AABC5172A1Z4
party catering,28893,Food,No,24AABC8347A1Z8
pharmaceutical,24631,Pharma,Yes,24AABC5082A1Z2
Bus ticket interstate,5171,Travel,Yes,24AABC4016A1Z7
scooter,1437,Vehicle,No,24AABC5015A1Z2
Garment manufacturing,18116,Clothing,Yes,24AABC6649A1Z2
hospital supply,43222,Pharma,Yes,24AABC5095A1Z8
projector,12659,Electronics,Yes,24AABC4074A1Z7
Car purchase personal use,39616,Vehicle,No,24AABC5678A1Z2
Mobile phone Samsung Galaxy,1685,Electronics,Yes,24AABC9701A1Z9
clothing,7101,Clothing,Yes,24AABC3956A1Z8
bike purchase,37418,Vehicle,No,24AABC6311A1Z8
Chemist bill,18229,Pharma,Yes,24AABC4201A1Z7
Hard disk WD 1TB,22309,Electronics,Yes,24AABC2030A1Z1
Garment manufacturing,43470,Clothing,Yes,24AABC3836A1Z6
printing paper,44240,Office,Yes,24AABC7159A1Z2
vehicle,42189,Vehicle,No,24AABC3466A1Z1
hotel ka khana,37502,Food,No,24AABC4813A1Z1
CCTV camera installation,25413,Electronics,Yes,24AABC5188A1Z4
Vehicle insurance premium,21989,Vehicle,No,24AABC8977A1Z6
Medicine purchase chemist,33726,Pharma,Yes,24AABC4765A1Z6
khana,36422,Food,No,24AABC5269A1Z8
CCTV camera installation,30989,Electronics,Yes,24AABC2284A1Z6
Mobile phone Samsung Galaxy,14874,Electronics,Yes,24AABC9316A1Z9
shirt pant,18930,Clothing,Yes,24AABC7541A1Z3
medicine,26653,Pharma,Yes,24AABC7674A1Z5
Computer accessories keyboard mouse,46387,Electronics,Yes,24AABC8601A1Z6
printer,18221,Electronics,Yes,24AABC8872A1Z7
office furniture,7587,Office,Yes,24AABC8126A1Z1
Projector Epson,1750,Electronics,Yes,24AABC5700A1Z8
Train ticket IRCTC,7639,Travel,Yes,24AABC3286A1Z2
Pharmaceutical drugs wholesale,44143,Pharma,Yes,24AABC6035A1Z6
bus ticket,26553,Travel,Yes,24AABC7486A1Z9
restaurant,4278,Food,No,24AABC8665A1Z5
Chai nashta,43084,Food,No,24AABC4107A1Z3
car insurance,21286,Vehicle,No,24AABC4465A1Z1
safar ka kharcha,41419,Travel,Yes,24AABC4828A1Z3
Car loan EMI,48361,Vehicle,No,24AABC4687A1Z3
petrol diesel,30794,Travel,Yes,24AABC3339A1Z9
Medicine stock,26995,Pharma,Yes,24AABC3236A1Z5
dinner,18277,Food,No,24AABC6397A1Z1
Readymade garments,16410,Clothing,Yes,24AABC8938A1Z4
clothing,21789,Clothing,Yes,24AABC1732A1Z4
Chemist bill,735,Pharma,Yes,24AABC5624A1Z3
medical store,28201,Pharma,Yes,24AABC2528A1Z7
Fabric purchase wholesale,47056,Clothing,Yes,24AABC4756A1Z3
fabric,11586,Clothing,Yes,24AABC6659A1Z7
notebook register,3607,Office,Yes,24AABC2793A1Z6
uniform,45305,Clothing,Yes,24AABC5365A1Z4
notebook register,16537,Office,Yes,24AABC5153A1Z4
Courier service,17402,Office,Yes,24AABC5090A1Z6
Bhojan ka bill,28304,Food,No,24AABC8771A1Z4
Chai nashta,47801,Food,No,24AABC2176A1Z7
clothing,23384,Clothing,Yes,24AABC9451A1Z2
File folder document,5705,Office,Yes,24AABC9490A1Z1
flight ticket,48246,Travel,Yes,24AABC1681A1Z7
bhojan,25809,Food,No,24AABC3600A1Z2
Personal vehicle maintenance,16765,Vehicle,No,24AABC1688A1Z4
dawakhana purchase,5883,Pharma,Yes,24AABC9054A1Z3
scooter,36745,Vehicle,No,24AABC1705A1Z9
gaadi kharido,21204,Vehicle,No,24AABC1783A1Z2
Car loan EMI,10487,Vehicle,No,24AABC4337A1Z2
dawa,18319,Pharma,Yes,24AABC1031A1Z2
nashta,34366,Food,No,24AABC6167A1Z4
shirt pant,38369,Clothing,Yes,24AABC6949A1Z1
Textile material cotton,4611,Clothing,Yes,24AABC6208A1Z7
Hard disk WD 1TB,25112,Electronics,Yes,24AABC1040A1Z4
Hospital supplies,13688,Pharma,Yes,24AABC1177A1Z7
Hotel food expense,49049,Food,No,24AABC4512A1Z5
Bhojan ka bill,44686,Food,No,24AABC5799A1Z3
Fuel petrol diesel,42835,Travel,Yes,24AABC4065A1Z2
karyalay saaman,44736,Office,Yes,24AABC9576A1Z9
shirt pant,8750,Clothing,Yes,24AABC4934A1Z7
Toll tax highway,13959,Travel,Yes,24AABC5871A1Z8
office chair,10921,Office,Yes,24AABC6207A1Z8
Medicine stock,18669,Pharma,Yes,24AABC3881A1Z4
bike,11722,Vehicle,No,24AABC5621A1Z1
Fuel petrol diesel,33500,Travel,Yes,24AABC3662A1Z8
router,19538,Electronics,Yes,24AABC5460A1Z2
food expense,10300,Food,No,24AABC8781A1Z4
bhojan,16907,Food,No,24AABC3984A1Z1
Dawa purchase,17830,Pharma,Yes,24AABC1472A1Z7
Medical supplies hospital,45689,Pharma,Yes,24AABC9771A1Z4
vehicle,1034,Vehicle,No,24AABC1992A1Z7
printing paper,36204,Office,Yes,24AABC8639A1Z4
uniform,26938,Clothing,Yes,24AABC2559A1Z2
notebook register,21487,Office,Yes,24AABC1650A1Z8
Courier service,4126,Office,Yes,24AABC1011A1Z8
Printing paper A4 ream,33743,Office,Yes,24AABC5197A1Z2
saree purchase,14252,Clothing,Yes,24AABC7166A1Z3
Garment manufacturing,41749,Clothing,Yes,24AABC1629A1Z2
vehicle,8176,Vehicle,No,24AABC4236A1Z4
personal car,23720,Vehicle,No,24AABC8872A1Z6
Router TP-Link WiFi,12627,Electronics,Yes,24AABC2559A1Z6
router,914,Electronics,Yes,24AABC7311A1Z3
kapda,9176,Clothing,Yes,24AABC2729A1Z9
train,24507,Travel,Yes,24AABC6196A1Z6
Whiteboard marker set,40584,Office,Yes,24AABC4024A1Z9
dawakhana purchase,23357,Pharma,Yes,24AABC3317A1Z1
chai,22236,Food,No,24AABC5080A1Z3
hotel ka khana,26667,Food,No,24AABC2354A1Z5
gaadi kharido,21767,Vehicle,No,24AABC6535A1Z5
stamp pad,9638,Office,Yes,24AABC2686A1Z3
car insurance,46627,Vehicle,No,24AABC2246A1Z4
Chemist bill,12294,Pharma,Yes,24AABC5373A1Z6
desk table,19226,Office,Yes,24AABC9732A1Z4
hotel stay business trip,30705,Travel,Yes,24AABC3689A1Z3
projector,5077,Electronics,Yes,24AABC7592A1Z7
Surgical items,46609,Pharma,Yes,24AABC3966A1Z4
karyalay saaman,32100,Office,Yes,24AABC3105A1Z1
travel expense,32489,Travel,Yes,24AABC5161A1Z2
computer saaman,17534,Electronics,Yes,24AABC2006A1Z1
Bus ticket interstate,21449,Travel,Yes,24AABC3985A1Z9
garment,38793,Clothing,Yes,24AABC9670A1Z2
bike,15122,Vehicle,No,24AABC3043A1Z2
car,49360,Vehicle,No,24AABC6054A1Z4
Flight booking Mumbai Delhi,36595,Travel,Yes,24AABC6220A1Z5
printing paper,45150,Office,Yes,24AABC7770A1Z1
Vehicle maintenance service,23137,Travel,Yes,24AABC1779A1Z6
clothing,45695,Clothing,Yes,24AABC9723A1Z7
Medicine purchase chemist,20232,Pharma,Yes,24AABC9180A1Z4
Computer accessories keyboard mouse,24585,Electronics,Yes,24AABC3386A1Z4
Whiteboard marker set,46256,Office,Yes,24AABC4054A1Z7
gaadi service,27364,Travel,Yes,24AABC1747A1Z4
stamp pad,2068,Office,Yes,24AABC6822A1Z8
stationery items,8643,Office,Yes,24AABC4602A1Z6
desk table,20785,Office,Yes,24AABC7187A1Z8
car insurance,43704,Vehicle,No,24AABC4597A1Z6
router,36617,Electronics,Yes,24AABC7975A1Z7
Two wheeler bike scooter,32560,Vehicle,No,24AABC6970A1Z7
medical store,2964,Pharma,Yes,24AABC4559A1Z4
Cloth kapda purchase,22888,Clothing,Yes,24AABC5454A1Z8
hotel ka khana,14305,Food,No,24AABC3323A1Z5
pharmaceutical,15729,Pharma,Yes,24AABC7766A1Z2
Cloth kapda purchase,5276,Clothing,Yes,24AABC4477A1Z7
router,43308,Electronics,Yes,24AABC9107A1Z2
Canteen meal expense,32676,Food,No,24AABC1567A1Z3
Bhojan ka bill,44713,Food,No,24AABC4634A1Z3
Computer accessories keyboard mouse,8684,Electronics,Yes,24AABC2525A1Z1
mobile,13479,Electronics,Yes,24AABC6383A1Z3
car,48605,Vehicle,No,24AABC8642A1Z9
office furniture,35952,Office,Yes,24AABC6559A1Z8
Toll tax highway,36218,Travel,Yes,24AABC3572A1Z9
Vehicle insurance premium,13140,Vehicle,No,24AABC7540A1Z4
medicine,46955,Pharma,Yes,24AABC3118A1Z6
gaadi kharido,18511,Vehicle,No,24AABC5545A1Z3
office furniture,18200,Office,Yes,24AABC7367A1Z5
shirt pant,29144,Clothing,Yes,24AABC7630A1Z7
Cloth kapda purchase,9838,Clothing,Yes,24AABC7725A1Z8
Train ticket IRCTC,16212,Travel,Yes,24AABC2350A1Z7
Mobile phone Samsung Galaxy,27214,Electronics,Yes,24AABC5098A1Z6
mobile phone,37755,Electronics,Yes,24AABC1894A1Z1
chai,45505,Food,No,24AABC1035A1Z2
safar ka kharcha,47302,Travel,Yes,24AABC2253A1Z1
Textile material cotton,45840,Clothing,Yes,24AABC8787A1Z7
garment,16248,Clothing,Yes,24AABC2799A1Z1
saree purchase,35130,Clothing,Yes,24AABC9156A1Z4
karyalay saaman,3567,Office,Yes,24AABC5312A1Z2
dawakhana purchase,5582,Pharma,Yes,24AABC3787A1Z1
File folder document,24282,Office,Yes,24AABC8370A1Z1
Router TP-Link WiFi,35442,Electronics,Yes,24AABC5550A1Z8
Vehicle maintenance service,29677,Travel,Yes,24AABC9305A1Z7
computer saaman,7945,Electronics,Yes,24AABC8622A1Z7
scooter,38317,Vehicle,No,24AABC7439A1Z6
Printer HP LaserJet,21694,Electronics,Yes,24AABC1065A1Z8
Office supplies,38429,Office,Yes,24AABC4248A1Z2
CCTV camera installation,29829,Electronics,Yes,24AABC7918A1Z5
bike,32362,Vehicle,No,24AABC9327A1Z1
gaadi service,48632,Travel,Yes,24AABC5790A1Z2
Mobile phone Samsung Galaxy,42328,Electronics,Yes,24AABC5691A1Z7
Hard disk WD 1TB,36341,Electronics,Yes,24AABC8074A1Z8
Flight booking Mumbai Delhi,8399,Travel,Yes,24AABC8220A1Z8
hospital supply,27797,Pharma,Yes,24AABC7494A1Z4
health products,24249,Pharma,Yes,24AABC5341A1Z3
suit stitching,18477,Clothing,Yes,24AABC7014A1Z9
Readymade garments,10428,Clothing,Yes,24AABC5100A1Z8
bike,21790,Vehicle,No,24AABC4760A1Z5
auto,4607,Vehicle,No,24AABC4576A1Z5
notebook register,1776,Office,Yes,24AABC6503A1Z6
bhojan,17167,Food,No,24AABC5891A1Z6
Fuel petrol diesel,49961,Travel,Yes,24AABC4447A1Z9
mobile,27635,Electronics,Yes,24AABC9058A1Z5
car,38280,Vehicle,No,24AABC1767A1Z9
dawa,29430,Pharma,Yes,24AABC9590A1Z7
khane ka bill,30908,Food,No,24AABC5816A1Z2
Pen pencil eraser,12882,Office,Yes,24AABC3122A1Z4
gaadi kharido,14840,Vehicle,No,24AABC2720A1Z1
Readymade garments,9735,Clothing,Yes,24AABC6457A1Z9
textile,22038,Clothing,Yes,24AABC9376A1Z8
File folder document,37462,Office,Yes,24AABC9487A1Z1
mobile,25218,Electronics,Yes,24AABC7263A1Z1
Dawa purchase,3456,Pharma,Yes,24AABC1762A1Z8
Cloth kapda purchase,28049,Clothing,Yes,24AABC3244A1Z2
lunch,38133,Food,No,24AABC1688A1Z6
Dawa purchase,43807,Pharma,Yes,24AABC2749A1Z3
medical store,42062,Pharma,Yes,24AABC1275A1Z1
Router TP-Link WiFi,40416,Electronics,Yes,24AABC8559A1Z5
gaadi,30556,Vehicle,No,24AABC4611A1Z9
Food court lunch,6954,Food,No,24AABC2454A1Z1
hotel ka khana,49270,Food,No,24AABC3243A1Z9
petrol diesel,31630,Travel,Yes,24AABC2837A1Z2
gaadi service,49429,Travel,Yes,24AABC7125A1Z1
restaurant,24391,Food,No,24AABC8454A1Z1
Pharmaceutical drugs wholesale,36990,Pharma,Yes,24AABC4329A1Z6
mobile,49956,Electronics,Yes,24AABC6537A1Z2
Medical equipment,2420,Pharma,Yes,24AABC4310A1Z9
food expense,25537,Food,No,24AABC7514A1Z6
Canteen meal expense,20570,Food,No,24AABC1859A1Z7
office chair,35844,Office,Yes,24AABC4916A1Z7
personal car,33793,Vehicle,No,24AABC1528A1Z4
Textile material cotton,4596,Clothing,Yes,24AABC1592A1Z7
Food court lunch,27431,Food,No,24AABC3991A1Z8
Stationery purchase pens notebooks,32865,Office,Yes,24AABC8976A1Z1
Courier service,8037,Office,Yes,24AABC9886A1Z5
Bhojan ka bill,13081,Food,No,24AABC9921A1Z6
shirt pant,19326,Clothing,Yes,24AABC7053A1Z8
garment,22171,Clothing,Yes,24AABC5593A1Z9
Courier service,49955,Office,Yes,24AABC7093A1Z3
fabric,31155,Clothing,Yes,24AABC8884A1Z7
kapda,37164,Clothing,Yes,24AABC6350A1Z2
Hard disk WD 1TB,6238,Electronics,Yes,24AABC8234A1Z7
Printer HP LaserJet,12587,Electronics,Yes,24AABC7082A1Z9
food expense,12328,Food,No,24AABC6567A1Z5
Pen pencil eraser,836,Office,Yes,24AABC9949A1Z5
dawakhana purchase,9752,Pharma,Yes,24AABC4185A1Z8
kapde ka bill,10473,Clothing,Yes,24AABC8225A1Z4
Printer HP LaserJet,46316,Electronics,Yes,24AABC3296A1Z2
restaurant,35600,Food,No,24AABC8838A1Z6
garment,49751,Clothing,Yes,24AABC6538A1Z6
kapda,8952,Clothing,Yes,24AABC1438A1Z7
desk table,4680,Office,Yes,24AABC3069A1Z5
laptop kharido,1658,Electronics,Yes,24AABC1127A1Z7
medical,49546,Pharma,Yes,24AABC6009A1Z6
Pen pencil eraser,39494,Office,Yes,24AABC9166A1Z6
Readymade garments,46203,Clothing,Yes,24AABC4640A1Z7
Lunch box catering,31447,Food,No,24AABC9090A1Z2
health products,20033,Pharma,Yes,24AABC8799A1Z2
Office furniture chair table,48601,Office,Yes,24AABC1375A1Z8
saree purchase,35335,Clothing,Yes,24AABC2418A1Z9
nashta,38307,Food,No,24AABC8990A1Z9
scooter,24676,Vehicle,No,24AABC6301A1Z9
notebook register,28149,Office,Yes,24AABC6188A1Z9
taxi fare,20183,Travel,Yes,24AABC8514A1Z8
Garment manufacturing,25173,Clothing,Yes,24AABC1462A1Z8
dawakhana purchase,1474,Pharma,Yes,24AABC8147A1Z1
taxi fare,34737,Travel,Yes,24AABC2786A1Z9
dinner,7981,Food,No,24AABC4066A1Z3
Hard disk WD 1TB,9852,Electronics,Yes,24AABC8808A1Z5
gaadi service,49513,Travel,Yes,24AABC9823A1Z3
Fuel petrol diesel,49111,Travel,Yes,24AABC3425A1Z5
LED monitor LG,3364,Electronics,Yes,24AABC9290A1Z7
textile,29285,Clothing,Yes,24AABC8968A1Z1
router,36061,Electronics,Yes,24AABC5386A1Z9
karyalay saaman,7462,Office,Yes,24AABC6323A1Z4
Bus ticket interstate,35069,Travel,Yes,24AABC1854A1Z7
Office supplies,27832,Office,Yes,24AABC7047A1Z9
Stapler binding,42288,Office,Yes,24AABC9259A1Z3
Medicine purchase chemist,37670,Pharma,Yes,24AABC5563A1Z1
Vehicle insurance premium,37189,Vehicle,No,24AABC8750A1Z4
health products,40583,Pharma,Yes,24AABC8218A1Z9
suit stitching,27941,Clothing,Yes,24AABC6410A1Z4
Pen pencil eraser,7201,Office,Yes,24AABC5189A1Z3
Bus ticket interstate,23900,Travel,Yes,24AABC4969A1Z6
Two wheeler bike scooter,39008,Vehicle,No,24AABC5575A1Z6
monitor,9441,Electronics,Yes,24AABC5141A1Z5
kapda,1892,Clothing,Yes,24AABC7392A1Z7
uniform,10844,Clothing,Yes,24AABC9156A1Z9
Personal vehicle maintenance,32561,Vehicle,No,24AABC1161A1Z7
kapda,3555,Clothing,Yes,24AABC7092A1Z9
party catering,48049,Food,No,24AABC6461A1Z6
Courier service,1523,Office,Yes,24AABC3442A1Z5
Chemist bill,10372,Pharma,Yes,24AABC3359A1Z9
Car loan EMI,44333,Vehicle,No,24AABC8187A1Z4
Restaurant dinner party,47272,Food,No,24AABC3417A1Z9
khana,34054,Food,No,24AABC8446A1Z7
printer cartridge,34364,Electronics,Yes,24AABC1491A1Z7
train,13082,Travel,Yes,24AABC4307A1Z8
computer saaman,19302,Electronics,Yes,24AABC4257A1Z5
Pen pencil eraser,43229,Office,Yes,24AABC8188A1Z7
UPS battery backup,1584,Electronics,Yes,24AABC9649A1Z1
Bhojan ka bill,12422,Food,No,24AABC3959A1Z2
medical store,16407,Pharma,Yes,24AABC7039A1Z1
chai,15939,Food,No,24AABC2157A1Z6
Canteen meal expense,41537,Food,No,24AABC2936A1Z9
saree purchase,20188,Clothing,Yes,24AABC4131A1Z5
Textile material cotton,21510,Clothing,Yes,24AABC3220A1Z8
Hard disk WD 1TB,41891,Electronics,Yes,24AABC7081A1Z5
Khana catering,6916,Food,No,24AABC4337A1Z8
nashta,41259,Food,No,24AABC2575A1Z2
Flight booking Mumbai Delhi,34799,Travel,Yes,24AABC4854A1Z8
Garment manufacturing,8686,Clothing,Yes,24AABC5227A1Z8
Train ticket IRCTC,21128,Travel,Yes,24AABC6046A1Z7
hotel ka khana,3222,Food,No,24AABC6929A1Z8
kapde ka bill,14602,Clothing,Yes,24AABC3209A1Z7
travel expense,18351,Travel,Yes,24AABC1782A1Z6
printing paper,27460,Office,Yes,24AABC9930A1Z3
Laptop purchase Dell Inspiron,27577,Electronics,Yes,24AABC5516A1Z7
scooter,12409,Vehicle,No,24AABC7378A1Z3
Flight booking Mumbai Delhi,45158,Travel,Yes,24AABC4327A1Z1
auto,44870,Vehicle,No,24AABC9786A1Z3
garment,48481,Clothing,Yes,24AABC3061A1Z1
CCTV camera installation,29276,Electronics,Yes,24AABC8383A1Z1
UPS battery backup,17758,Electronics,Yes,24AABC1899A1Z4
Cloth kapda purchase,36521,Clothing,Yes,24AABC8726A1Z5
nashta,45449,Food,No,24AABC3946A1Z1
hospital supply,9227,Pharma,Yes,24AABC6382A1Z7
Lunch box catering,20367,Food,No,24AABC1557A1Z2
safar ka kharcha,33142,Travel,Yes,24AABC6991A1Z7
kapda,11868,Clothing,Yes,24AABC6214A1Z6
personal car,44651,Vehicle,No,24AABC9864A1Z5
gaadi kharido,48692,Vehicle,No,24AABC9012A1Z2
travel expense,24411,Travel,Yes,24AABC3453A1Z5
Auto rickshaw Ola Uber,32602,Travel,Yes,24AABC5586A1Z3
uniform,41404,Clothing,Yes,24AABC4403A1Z8
Vehicle insurance premium,19271,Vehicle,No,24AABC4544A1Z1
petrol diesel,20787,Travel,Yes,24AABC8839A1Z6
hospital supply,17925,Pharma,Yes,24AABC1496A1Z3
laptop,43784,Electronics,Yes,24AABC5626A1Z3
Toll tax highway,38967,Travel,Yes,24AABC6701A1Z6
auto,34800,Vehicle,No,24AABC1076A1Z9
Restaurant bill dinner,25459,Food,No,24AABC9109A1Z9
lunch,21951,Food,No,24AABC3605A1Z5
bike purchase,28506,Vehicle,No,24AABC9545A1Z8
Fuel petrol diesel,10588,Travel,Yes,24AABC3374A1Z1
Office supplies,1361,Office,Yes,24AABC4474A1Z3
health products,36619,Pharma,Yes,24AABC9133A1Z9
medical store,46816,Pharma,Yes,24AABC2305A1Z3
Laptop purchase Dell Inspiron,10006,Electronics,Yes,24AABC7236A1Z9
pharmaceutical,8423,Pharma,Yes,24AABC9278A1Z1
bike purchase,3448,Vehicle,No,24AABC5223A1Z5
Hospital supplies,28576,Pharma,Yes,24AABC8539A1Z9
travel expense,18305,Travel,Yes,24AABC1304A1Z2
Dawa purchase,1597,Pharma,Yes,24AABC4798A1Z5
Stapler binding,31262,Office,Yes,24AABC9356A1Z4
vehicle,34311,Vehicle,No,24AABC2150A1Z9
health products,44623,Pharma,Yes,24AABC4679A1Z9
stamp pad,8380,Office,Yes,24AABC9573A1Z2
Cloth kapda purchase,27672,Clothing,Yes,24AABC9950A1Z7
Catering service lunch,22793,Food,No,24AABC6734A1Z8
Bhojan ka bill,38912,Food,No,24AABC2935A1Z3
taxi fare,23921,Travel,Yes,24AABC2565A1Z4
stamp pad,30074,Office,Yes,24AABC2052A1Z4
food expense,1635,Food,No,24AABC8732A1Z7
Personal vehicle maintenance,10881,Vehicle,No,24AABC1291A1Z3
Two wheeler bike scooter,44082,Vehicle,No,24AABC3767A1Z4
health products,15867,Pharma,Yes,24AABC5455A1Z1
uniform,1502,Clothing,Yes,24AABC9815A1Z1
Garment manufacturing,46139,Clothing,Yes,24AABC8445A1Z9
File folder document,42463,Office,Yes,24AABC8787A1Z9
Office supplies,21230,Office,Yes,24AABC9479A1Z4
garment,40419,Clothing,Yes,24AABC6379A1Z8
Computer accessories keyboard mouse,4223,Electronics,Yes,24AABC4645A1Z9
yatra ticket,28642,Travel,Yes,24AABC2297A1Z2
Mobile phone Samsung Galaxy,46073,Electronics,Yes,24AABC5764A1Z5
catering,30769,Food,No,24AABC2924A1Z9
scooter,21264,Vehicle,No,24AABC4157A1Z7
yatra ticket,10191,Travel,Yes,24AABC2875A1Z3
Router TP-Link WiFi,36935,Electronics,Yes,24AABC5485A1Z8
Whiteboard marker set,47502,Office,Yes,24AABC9667A1Z8
textile,45163,Clothing,Yes,24AABC2423A1Z7
Medicine stock,21698,Pharma,Yes,24AABC2408A1Z5
Restaurant bill dinner,39652,Food,No,24AABC5569A1Z2
Car loan EMI,8005,Vehicle,No,24AABC1990A1Z7
yatra ticket,2928,Travel,Yes,24AABC6498A1Z5
dawa,21852,Pharma,Yes,24AABC7683A1Z6
gaadi kharido,18314,Vehicle,No,24AABC2693A1Z4
car insurance,18687,Vehicle,No,24AABC5027A1Z7
Fabric purchase wholesale,31001,Clothing,Yes,24AABC5181A1Z1
hotel ka khana,20512,Food,No,24AABC2340A1Z5
fabric,2137,Clothing,Yes,24AABC6923A1Z6
notebook register,23925,Office,Yes,24AABC3695A1Z2
LED monitor LG,9702,Electronics,Yes,24AABC4542A1Z6
karyalay saaman,43743,Office,Yes,24AABC6180A1Z7
kapda,34073,Clothing,Yes,24AABC9105A1Z6
Car loan EMI,14676,Vehicle,No,24AABC9263A1Z6
Printing paper A4 ream,14275,Office,Yes,24AABC2175A1Z8
Restaurant dinner party,34277,Food,No,24AABC5411A1Z4
Khana catering,31028,Food,No,24AABC5478A1Z4
Lunch box catering,28274,Food,No,24AABC7417A1Z1
Toll tax highway,23320,Travel,Yes,24AABC3367A1Z5
bike,27422,Vehicle,No,24AABC4952A1Z1
garment,26671,Clothing,Yes,24AABC4514A1Z5
Vehicle maintenance service,33918,Travel,Yes,24AABC7111A1Z6
Stationery purchase pens notebooks,5271,Office,Yes,24AABC6459A1Z5
Office supplies,29204,Office,Yes,24AABC4647A1Z3
Router TP-Link WiFi,43483,Electronics,Yes,24AABC7645A1Z4
Vehicle maintenance service,33142,Travel,Yes,24AABC8662A1Z7
Train ticket IRCTC,48591,Travel,Yes,24AABC2726A1Z5
toll,22855,Travel,Yes,24AABC9966A1Z7
personal car,27922,Vehicle,No,24AABC7761A1Z3
car insurance,25050,Vehicle,No,24AABC4492A1Z2
gaadi service,36611,Travel,Yes,24AABC6119A1Z7
Cloth kapda purchase,49653,Clothing,Yes,24AABC2106A1Z4
Pen pencil eraser,15183,Office,Yes,24AABC9579A1Z4
personal car,16878,Vehicle,No,24AABC5818A1Z8
train,26750,Travel,Yes,24AABC2626A1Z2
car,28107,Vehicle,No,24AABC3297A1Z8
laptop,36980,Electronics,Yes,24AABC6100A1Z1
Cloth kapda purchase,34985,Clothing,Yes,24AABC4984A1Z5
hospital supply,47115,Pharma,Yes,24AABC8949A1Z7
train,17397,Travel,Yes,24AABC9312A1Z1
Restaurant bill dinner,29579,Food,No,24AABC4282A1Z3
vehicle,4467,Vehicle,No,24AABC7833A1Z7
Printer HP LaserJet,31211,Electronics,Yes,24AABC5232A1Z9
Flight booking Mumbai Delhi,16248,Travel,Yes,24AABC7683A1Z7
Pen pencil eraser,46227,Office,Yes,24AABC1226A1Z9
Router TP-Link WiFi,49792,Electronics,Yes,24AABC3862A1Z9
Bus ticket interstate,27640,Travel,Yes,24AABC9578A1Z6
printer cartridge,46203,Electronics,Yes,24AABC5002A1Z4
petrol diesel,42219,Travel,Yes,24AABC3717A1Z9
catering,48778,Food,No,24AABC1599A1Z3
hotel ka khana,41351,Food,No,24AABC3093A1Z7
Train ticket IRCTC,10251,Travel,Yes,24AABC9812A1Z5
notebook register,17151,Office,Yes,24AABC6237A1Z4
yatra ticket,34938,Travel,Yes,24AABC9798A1Z5
office chair,28384,Office,Yes,24AABC7543A1Z3
Laptop purchase Dell Inspiron,5185,Electronics,Yes,24AABC2754A1Z2
lunch,15239,Food,No,24AABC6455A1Z6
hotel ka khana,33378,Food,No,24AABC2527A1Z2
Medical supplies hospital,36133,Pharma,Yes,24AABC5202A1Z4
Dawa purchase,22323,Pharma,Yes,24AABC6179A1Z4
catering,41461,Food,No,24AABC3382A1Z3
kapde ka bill,40387,Clothing,Yes,24AABC3656A1Z4
clothing,20562,Clothing,Yes,24AABC6679A1Z2
hotel ka khana,1805,Food,No,24AABC6073A1Z8
garment,12323,Clothing,Yes,24AABC9180A1Z1
medical store,26951,Pharma,Yes,24AABC4513A1Z5
flight ticket,8996,Travel,Yes,24AABC1283A1Z5
Uniform stitching,9155,Clothing,Yes,24AABC2852A1Z9
Chai nashta,9729,Food,No,24AABC2533A1Z3
food expense,16787,Food,No,24AABC7878A1Z5
Medicine stock,4641,Pharma,Yes,24AABC4174A1Z7
Readymade garments,41082,Clothing,Yes,24AABC9928A1Z9
kapda,8862,Clothing,Yes,24AABC7271A1Z7
Vehicle maintenance service,28876,Travel,Yes,24AABC9407A1Z2
stamp pad,24786,Office,Yes,24AABC2886A1Z1
Vehicle maintenance service,5934,Travel,Yes,24AABC5141A1Z8
gaadi kharido,34269,Vehicle,No,24AABC3338A1Z7
Stationery purchase pens notebooks,47802,Office,Yes,24AABC2742A1Z3
travel expense,24102,Travel,Yes,24AABC1568A1Z4
mobile,13568,Electronics,Yes,24AABC7109A1Z6
gaadi kharido,3824,Vehicle,No,24AABC8675A1Z8
Hard disk WD 1TB,26681,Electronics,Yes,24AABC8798A1Z9
Bus ticket interstate,39092,Travel,Yes,24AABC7453A1Z3
flight ticket,24234,Travel,Yes,24AABC4281A1Z9
Toll tax highway,40692,Travel,Yes,24AABC2129A1Z3
Router TP-Link WiFi,48178,Electronics,Yes,24AABC1341A1Z1
CCTV camera installation,38725,Electronics,Yes,24AABC3278A1Z9
bhojan,19441,Food,No,24AABC3671A1Z5
notebook register,40454,Office,Yes,24AABC6652A1Z9
scooter,45534,Vehicle,No,24AABC9295A1Z4
health products,49230,Pharma,Yes,24AABC4034A1Z1
Car purchase personal use,13862,Vehicle,No,24AABC2689A1Z8
projector,42029,Electronics,Yes,24AABC3146A1Z5
office furniture,38038,Office,Yes,24AABC4394A1Z1
gaadi kharido,6725,Vehicle,No,24AABC3995A1Z9
Courier service,7761,Office,Yes,24AABC6431A1Z6
mobile phone,8554,Electronics,Yes,24AABC6850A1Z3
scooter,34963,Vehicle,No,24AABC1529A1Z5
router,25084,Electronics,Yes,24AABC8356A1Z7
LED monitor LG,24794,Electronics,Yes,24AABC8234A1Z8
toll,21327,Travel,Yes,24AABC1673A1Z5
gaadi kharido,32346,Vehicle,No,24AABC3396A1Z1
stamp pad,26777,Office,Yes,24AABC2550A1Z6
gaadi,14532,Vehicle,No,24AABC1967A1Z2
auto,23210,Vehicle,No,24AABC9675A1Z7
projector,44413,Electronics,Yes,24AABC5439A1Z3
laptop,17038,Electronics,Yes,24AABC2135A1Z3
Readymade garments,20290,Clothing,Yes,24AABC1656A1Z7
CCTV camera installation,22055,Electronics,Yes,24AABC9496A1Z6
Vehicle maintenance service,24544,Travel,Yes,24AABC1799A1Z6
CCTV,47340,Electronics,Yes,24AABC1149A1Z5
UPS battery backup,18212,Electronics,Yes,24AABC5932A1Z9
bhojan,6100,Food,No,24AABC3255A1Z9
karyalay saaman,33654,Office,Yes,24AABC8685A1Z1
Projector Epson,25036,Electronics,Yes,24AABC7725A1Z2
safar ka kharcha,3663,Travel,Yes,24AABC5127A1Z6
CCTV,6918,Electronics,Yes,24AABC7400A1Z5
Bus ticket interstate,8760,Travel,Yes,24AABC3570A1Z2
Lunch box catering,46125,Food,No,24AABC6611A1Z5
monitor,49922,Electronics,Yes,24AABC8456A1Z4
mobile phone,14497,Electronics,Yes,24AABC1332A1Z4
Toll tax highway,28830,Travel,Yes,24AABC9864A1Z3
taxi fare,32594,Travel,Yes,24AABC7750A1Z1
Medical equipment,46394,Pharma,Yes,24AABC3381A1Z2
Two wheeler bike scooter,33185,Vehicle,No,24AABC5592A1Z9
hotel stay business trip,28096,Travel,Yes,24AABC3683A1Z7
Office supplies,37081,Office,Yes,24AABC3861A1Z4
printer,49871,Electronics,Yes,24AABC1236A1Z1
laptop,6530,Electronics,Yes,24AABC1068A1Z3
vehicle,14464,Vehicle,No,24AABC7281A1Z3
Computer accessories keyboard mouse,16959,Electronics,Yes,24AABC2635A1Z6
Readymade garments,41623,Clothing,Yes,24AABC9634A1Z2
Medicine purchase chemist,46427,Pharma,Yes,24AABC7483A1Z5
dawakhana purchase,48231,Pharma,Yes,24AABC1397A1Z8
office chair,28917,Office,Yes,24AABC7970A1Z3
bike,44520,Vehicle,No,24AABC2147A1Z2
Bus ticket interstate,5783,Travel,Yes,24AABC5440A1Z2
toll,16503,Travel,Yes,24AABC5732A1Z8
vehicle,18744,Vehicle,No,24AABC1862A1Z6
kapde ka bill,49158,Clothing,Yes,24AABC5047A1Z5
saree purchase,10327,Clothing,Yes,24AABC8315A1Z4
hospital supply,3429,Pharma,Yes,24AABC8322A1Z5
stamp pad,14547,Office,Yes,24AABC9187A1Z9
Router TP-Link WiFi,31496,Electronics,Yes,24AABC2587A1Z9
notebook register,8074,Office,Yes,24AABC9621A1Z3
textile,26756,Clothing,Yes,24AABC6939A1Z6
Medicine purchase chemist,28932,Pharma,Yes,24AABC7854A1Z5
Car purchase personal use,48326,Vehicle,No,24AABC5992A1Z4
restaurant,45176,Food,No,24AABC7569A1Z6
lunch,4382,Food,No,24AABC3071A1Z3
shirt pant,13842,Clothing,Yes,24AABC6192A1Z8
Vehicle maintenance service,13280,Travel,Yes,24AABC5561A1Z3
printer,6944,Electronics,Yes,24AABC7326A1Z3
Computer accessories keyboard mouse,35499,Electronics,Yes,24AABC1525A1Z7
Vehicle insurance premium,21885,Vehicle,No,24AABC9663A1Z5
Stationery purchase pens notebooks,3174,Office,Yes,24AABC5549A1Z4
Train ticket IRCTC,30872,Travel,Yes,24AABC5820A1Z7
yatra ticket,30260,Travel,Yes,24AABC1403A1Z3
train,49275,Travel,Yes,24AABC4019A1Z3
car,13526,Vehicle,No,24AABC8072A1Z3
dawa,19483,Pharma,Yes,24AABC8686A1Z8
catering,15206,Food,No,24AABC4940A1Z7
dawa,45882,Pharma,Yes,24AABC9973A1Z9
dinner,15470,Food,No,24AABC2937A1Z3
stamp pad,23170,Office,Yes,24AABC6599A1Z7
vehicle,13176,Vehicle,No,24AABC4846A1Z1
catering,33954,Food,No,24AABC8749A1Z9
suit stitching,25840,Clothing,Yes,24AABC6582A1Z7
Surgical items,2130,Pharma,Yes,24AABC7111A1Z6
Lunch box catering,47056,Food,No,24AABC2819A1Z8
Pharmaceutical drugs wholesale,1227,Pharma,Yes,24AABC3099A1Z2
shirt pant,42050,Clothing,Yes,24AABC3110A1Z8
medical store,7640,Pharma,Yes,24AABC5221A1Z4
UPS battery backup,40376,Electronics,Yes,24AABC2470A1Z4
dawakhana purchase,34217,Pharma,Yes,24AABC8497A1Z3
desk table,43247,Office,Yes,24AABC9168A1Z3
projector,8203,Electronics,Yes,24AABC7327A1Z1
Computer accessories keyboard mouse,46839,Electronics,Yes,24AABC5791A1Z1
Restaurant bill dinner,13601,Food,No,24AABC1357A1Z9
dawakhana purchase,41201,Pharma,Yes,24AABC1511A1Z2
scooter,7132,Vehicle,No,24AABC3074A1Z5
Printer HP LaserJet,45193,Electronics,Yes,24AABC6050A1Z8
LED monitor LG,10595,Electronics,Yes,24AABC8533A1Z2
scooter,29828,Vehicle,No,24AABC2663A1Z6
Surgical items,29249,Pharma,Yes,24AABC9340A1Z6
gaadi kharido,40397,Vehicle,No,24AABC6828A1Z4
Flight booking Mumbai Delhi,25219,Travel,Yes,24AABC5781A1Z6
Textile material cotton,43567,Clothing,Yes,24AABC2156A1Z9
Laptop purchase Dell Inspiron,15954,Electronics,Yes,24AABC1654A1Z8
Car loan EMI,3306,Vehicle,No,24AABC1189A1Z5
Surgical items,29388,Pharma,Yes,24AABC2786A1Z3
Medicine purchase chemist,30904,Pharma,Yes,24AABC4057A1Z4
Laptop purchase Dell Inspiron,23690,Electronics,Yes,24AABC2030A1Z9
Dawa purchase,26805,Pharma,Yes,24AABC6296A1Z3
khane ka bill,9772,Food,No,24AABC7966A1Z4
Stationery purchase pens notebooks,3312,Office,Yes,24AABC7591A1Z5
fabric,35259,Clothing,Yes,24AABC5548A1Z8
petrol diesel,28772,Travel,Yes,24AABC2311A1Z5
stamp pad,42334,Office,Yes,24AABC8179A1Z2
laptop,40370,Electronics,Yes,24AABC7124A1Z4
Whiteboard marker set,5817,Office,Yes,24AABC8755A1Z9
kapde ka bill,38019,Clothing,Yes,24AABC3460A1Z7
stationery items,16345,Office,Yes,24AABC6905A1Z6
Printing paper A4 ream,26113,Office,Yes,24AABC6757A1Z6
car,37974,Vehicle,No,24AABC4473A1Z5
Two wheeler bike scooter,44319,Vehicle,No,24AABC6903A1Z1
dawa,18333,Pharma,Yes,24AABC2143A1Z6
personal car,31869,Vehicle,No,24AABC8898A1Z3
Pharmaceutical drugs wholesale,1116,Pharma,Yes,24AABC5954A1Z1
stationery items,8834,Office,Yes,24AABC2686A1Z7
gaadi kharido,14464,Vehicle,No,24AABC9981A1Z4
food expense,45791,Food,No,24AABC2652A1Z8
uniform,14503,Clothing,Yes,24AABC1056A1Z1
auto,32574,Vehicle,No,24AABC4480A1Z6
car insurance,7698,Vehicle,No,24AABC9168A1Z4
Vehicle maintenance service,41233,Travel,Yes,24AABC6090A1Z5
Bus ticket interstate,2740,Travel,Yes,24AABC4902A1Z2
Canteen meal expense,15989,Food,No,24AABC4632A1Z3
laptop kharido,44992,Electronics,Yes,24AABC9444A1Z9
notebook register,17158,Office,Yes,24AABC1459A1Z4
Vehicle maintenance service,15608,Travel,Yes,24AABC8057A1Z7
desk table,29481,Office,Yes,24AABC5683A1Z2
office furniture,14816,Office,Yes,24AABC5518A1Z1
stamp pad,43448,Office,Yes,24AABC3847A1Z6
textile,37568,Clothing,Yes,24AABC2031A1Z6
Uniform stitching,4453,Clothing,Yes,24AABC1260A1Z3
Restaurant dinner party,4788,Food,No,24AABC6292A1Z4
computer saaman,38308,Electronics,Yes,24AABC8027A1Z9
stationery items,8916,Office,Yes,24AABC9609A1Z2
printer cartridge,38035,Electronics,Yes,24AABC1328A1Z3
router,29735,Electronics,Yes,24AABC6949A1Z3
laptop,32705,Electronics,Yes,24AABC2943A1Z3
Hotel food expense,47849,Food,No,24AABC3606A1Z9
safar ka kharcha,43614,Travel,Yes,24AABC3409A1Z5
Hotel food expense,40776,Food,No,24AABC5560A1Z7
Office furniture chair table,49124,Office,Yes,24AABC1467A1Z1
Bhojan ka bill,10982,Food,No,24AABC9801A1Z8
stationery items,13004,Office,Yes,24AABC9151A1Z5
Uniform stitching,1703,Clothing,Yes,24AABC2253A1Z5
party catering,29113,Food,No,24AABC7192A1Z6
petrol diesel,38276,Travel,Yes,24AABC8175A1Z2
auto,19382,Vehicle,No,24AABC6847A1Z3
Office furniture chair table,18631,Office,Yes,24AABC5848A1Z8
vehicle,19171,Vehicle,No,24AABC4760A1Z6
catering,34371,Food,No,24AABC1315A1Z1
personal car,35423,Vehicle,No,24AABC9279A1Z8
petrol diesel,8404,Travel,Yes,24AABC6140A1Z5
Canteen meal expense,8296,Food,No,24AABC4862A1Z9
Router TP-Link WiFi,31668,Electronics,Yes,24AABC8037A1Z5
taxi fare,42462,Travel,Yes,24AABC6300A1Z3
dawa,16795,Pharma,Yes,24AABC5015A1Z8
Cloth kapda purchase,1390,Clothing,Yes,24AABC9060A1Z5
kapde ka bill,34714,Clothing,Yes,24AABC3239A1Z3
computer,49426,Electronics,Yes,24AABC1552A1Z4
Hospital supplies,29884,Pharma,Yes,24AABC9660A1Z5
File folder document,10013,Office,Yes,24AABC6008A1Z5
car,31849,Vehicle,No,24AABC6434A1Z7
Stationery purchase pens notebooks,3417,Office,Yes,24AABC5121A1Z7
travel expense,45839,Travel,Yes,24AABC9783A1Z4
Dawa purchase,48031,Pharma,Yes,24AABC3260A1Z7
gaadi,19525,Vehicle,No,24AABC1070A1Z3
karyalay saaman,16062,Office,Yes,24AABC3333A1Z2
scooter,25894,Vehicle,No,24AABC5976A1Z1
office furniture,49431,Office,Yes,24AABC2898A1Z4
medical store,7585,Pharma,Yes,24AABC9191A1Z7
Bus ticket interstate,25201,Travel,Yes,24AABC6156A1Z6
hotel ka khana,16566,Food,No,24AABC2806A1Z7
scooter,36248,Vehicle,No,24AABC7660A1Z7
medical,17133,Pharma,Yes,24AABC6174A1Z7
train,3841,Travel,Yes,24AABC6024A1Z8
Auto rickshaw Ola Uber,9268,Travel,Yes,24AABC2822A1Z7
Projector Epson,16913,Electronics,Yes,24AABC5722A1Z9
Dawa purchase,47319,Pharma,Yes,24AABC5615A1Z2
Stationery purchase pens notebooks,20945,Office,Yes,24AABC6681A1Z4
Uniform stitching,43143,Clothing,Yes,24AABC6951A1Z4
router,47071,Electronics,Yes,24AABC8696A1Z1
Office furniture chair table,19350,Office,Yes,24AABC7753A1Z3
shirt pant,13392,Clothing,Yes,24AABC6996A1Z5
medical,21390,Pharma,Yes,24AABC7420A1Z6
shirt pant,39534,Clothing,Yes,24AABC4110A1Z6
kapda,7574,Clothing,Yes,24AABC8153A1Z8
lunch,34760,Food,No,24AABC1100A1Z5
laptop kharido,4825,Electronics,Yes,24AABC8832A1Z9
bike,4125,Vehicle,No,24AABC3680A1Z5
saree purchase,32244,Clothing,Yes,24AABC2509A1Z3
khana,47093,Food,No,24AABC7334A1Z7
Car loan EMI,37203,Vehicle,No,24AABC7761A1Z7
Office furniture chair table,22950,Office,Yes,24AABC1653A1Z8
Vehicle maintenance service,22728,Travel,Yes,24AABC5334A1Z1
gaadi,43557,Vehicle,No,24AABC2201A1Z3
Fuel petrol diesel,22683,Travel,Yes,24AABC6711A1Z4
computer,6927,Electronics,Yes,24AABC7471A1Z4
printing paper,16668,Office,Yes,24AABC8399A1Z5
Toll tax highway,48558,Travel,Yes,24AABC3257A1Z6
nashta,4346,Food,No,24AABC3478A1Z6
restaurant,45647,Food,No,24AABC6138A1Z5
Medicine purchase chemist,38685,Pharma,Yes,24AABC2234A1Z8
car,6176,Vehicle,No,24AABC9481A1Z1
travel expense,13239,Travel,Yes,24AABC6578A1Z4
catering,37373,Food,No,24AABC3502A1Z8
pharmaceutical,29992,Pharma,Yes,24AABC1179A1Z2
laptop kharido,49577,Electronics,Yes,24AABC9331A1Z3
Cloth kapda purchase,29195,Clothing,Yes,24AABC7333A1Z8
laptop kharido,8533,Electronics,Yes,24AABC1946A1Z5
mobile,5219,Electronics,Yes,24AABC8681A1Z6
medicine,1203,Pharma,Yes,24AABC3826A1Z5
dawakhana purchase,7140,Pharma,Yes,24AABC7692A1Z8
Medicine stock,26978,Pharma,Yes,24AABC6721A1Z8
safar ka kharcha,26752,Travel,Yes,24AABC3539A1Z3
saree purchase,3106,Clothing,Yes,24AABC9867A1Z7
nashta,16684,Food,No,24AABC5377A1Z4
Car purchase personal use,5915,Vehicle,No,24AABC2319A1Z7
Vehicle maintenance service,1685,Travel,Yes,24AABC9518A1Z1
catering,30038,Food,No,24AABC5983A1Z8
mobile phone,24589,Electronics,Yes,24AABC9987A1Z6
gaadi kharido,40128,Vehicle,No,24AABC3966A1Z2
laptop,39219,Electronics,Yes,24AABC4268A1Z5
Hospital supplies,23030,Pharma,Yes,24AABC7782A1Z5
Hospital supplies,46274,Pharma,Yes,24AABC7930A1Z8
Textile material cotton,46883,Clothing,Yes,24AABC3488A1Z8
Car loan EMI,34756,Vehicle,No,24AABC5550A1Z6
train,44410,Travel,Yes,24AABC5324A1Z7
garment,27057,Clothing,Yes,24AABC5391A1Z4
gaadi,34160,Vehicle,No,24AABC6281A1Z8
suit stitching,44333,Clothing,Yes,24AABC8044A1Z6
Two wheeler bike scooter,4652,Vehicle,No,24AABC5200A1Z3
Garment manufacturing,45300,Clothing,Yes,24AABC7956A1Z5
taxi fare,4168,Travel,Yes,24AABC7266A1Z3
hotel ka khana,38711,Food,No,24AABC4017A1Z9
saree purchase,8111,Clothing,Yes,24AABC3091A1Z4
office chair,43556,Office,Yes,24AABC3738A1Z7
printer,25407,Electronics,Yes,24AABC2632A1Z8
health products,33498,Pharma,Yes,24AABC1200A1Z7
Office furniture chair table,4532,Office,Yes,24AABC7353A1Z1
Cloth kapda purchase,15942,Clothing,Yes,24AABC2542A1Z5
Canteen meal expense,7425,Food,No,24AABC7239A1Z9
Restaurant bill dinner,34714,Food,No,24AABC5418A1Z8
Vehicle maintenance service,7126,Travel,Yes,24AABC4013A1Z7
clothing,36783,Clothing,Yes,24AABC5146A1Z2
Medical supplies hospital,2953,Pharma,Yes,24AABC8851A1Z5
UPS battery backup,35518,Electronics,Yes,24AABC1543A1Z8
dawa,27104,Pharma,Yes,24AABC2161A1Z8
gaadi service,7326,Travel,Yes,24AABC9584A1Z5
Printing paper A4 ream,49841,Office,Yes,24AABC5738A1Z7
Readymade garments,9632,Clothing,Yes,24AABC5463A1Z2
medicine,40175,Pharma,Yes,24AABC1655A1Z9
car,39682,Vehicle,No,24AABC2333A1Z9
Router TP-Link WiFi,38253,Electronics,Yes,24AABC9401A1Z9
Computer accessories keyboard mouse,33114,Electronics,Yes,24AABC1023A1Z7
Hospital supplies,44492,Pharma,Yes,24AABC5414A1Z9
bike,22822,Vehicle,No,24AABC1504A1Z1
laptop,22986,Electronics,Yes,24AABC6521A1Z8
Pharmaceutical drugs wholesale,17355,Pharma,Yes,24AABC8726A1Z7
dawakhana purchase,16868,Pharma,Yes,24AABC5581A1Z8
Office supplies,44372,Office,Yes,24AABC5567A1Z4
printer cartridge,30166,Electronics,Yes,24AABC7490A1Z8
CCTV camera installation,25097,Electronics,Yes,24AABC6416A1Z8
party catering,21805,Food,No,24AABC9434A1Z8
personal car,42792,Vehicle,No,24AABC4522A1Z7
Catering service lunch,23528,Food,No,24AABC2197A1Z1
Whiteboard marker set,6088,Office,Yes,24AABC8857A1Z7
Surgical items,7023,Pharma,Yes,24AABC3254A1Z1
Hard disk WD 1TB,8312,Electronics,Yes,24AABC2199A1Z7
vehicle,20036,Vehicle,No,24AABC9197A1Z8
Printing paper A4 ream,19004,Office,Yes,24AABC2491A1Z5
Restaurant dinner party,22204,Food,No,24AABC7784A1Z5
Stapler binding,27231,Office,Yes,24AABC5634A1Z9
hotel stay business trip,17805,Travel,Yes,24AABC5934A1Z2
catering,31340,Food,No,24AABC9191A1Z8
car insurance,19963,Vehicle,No,24AABC6558A1Z3
Car loan EMI,17140,Vehicle,No,24AABC9445A1Z7
Bus ticket interstate,42089,Travel,Yes,24AABC8307A1Z8
dawakhana purchase,8371,Pharma,Yes,24AABC8205A1Z2
uniform,8966,Clothing,Yes,24AABC5931A1Z3
computer saaman,36666,Electronics,Yes,24AABC2743A1Z6
CCTV,44170,Electronics,Yes,24AABC4595A1Z9
Car purchase personal use,41590,Vehicle,No,24AABC6556A1Z1
car insurance,44949,Vehicle,No,24AABC7065A1Z9
bike,31617,Vehicle,No,24AABC6842A1Z4
gaadi kharido,34381,Vehicle,No,24AABC9108A1Z4
shirt pant,45793,Clothing,Yes,24AABC9975A1Z5
Laptop purchase Dell Inspiron,33362,Electronics,Yes,24AABC4296A1Z9
Restaurant dinner party,6201,Food,No,24AABC2783A1Z9
printer,10939,Electronics,Yes,24AABC3998A1Z9
medical store,6453,Pharma,Yes,24AABC3862A1Z5
gaadi kharido,38656,Vehicle,No,24AABC3781A1Z3
hotel ka khana,8878,Food,No,24AABC3376A1Z8
computer,10580,Electronics,Yes,24AABC9225A1Z7
Dawa purchase,14026,Pharma,Yes,24AABC7309A1Z9
toll,5539,Travel,Yes,24AABC3195A1Z5
office chair,40374,Office,Yes,24AABC7308A1Z2
printing paper,934,Office,Yes,24AABC9494A1Z3
Laptop purchase Dell Inspiron,11144,Electronics,Yes,24AABC1878A1Z8
